id,text,text_el,topic,topic-context,subtopic,subtopic-context,topic-open,sentiment,polarization,polarization-definition,toxicity,toxicity-definition,populism,populism-definition,hate speech,ner,ner-limited
1,"Speech by Dimitris Koutsoumbas, General Secretary of the KKE KKE, at the KKE KKE conference on: ""The positions of the KKE on rail transport"" From the platform of today's conference, we want to salute the thousands of young people and young workers who, with their great, shocking mobilizations, thwarted the plan of the ruling class to cover with a veil of silence the timeless culprits and the causes of the predetermined crime in Tempe.  	We want to pledge to the relatives of the victims of this great tragedy that we will continue to move forward in the struggle to stop the sacrifice of human life on the altar of capitalist profit.  To open the road to reversal. ","Ομιλία του ΓΓ της ΚΕ του ΚΚΕ Δημήτρη Κουτσούμπα στην ημερίδα της ΚΕ του ΚΚΕ με θέμα: «Οι θέσεις του ΚΚΕ  για τις σιδηροδρομικές μεταφορές»	Από το βήμα της σημερινής ημερίδας, θέλουμε να χαιρετίσουμε τους χιλιάδες νέους και νέες τους εργαζόμενους που, με τις μεγάλες, συγκλονιστικές κινητοποιήσεις τους, ματαίωσαν το σχέδιο της άρχουσας τάξης, να κουκουλώσει με ένα πέπλο σιωπής τους διαχρονικούς ενόχους και τις αιτίες του προδιαγεγραμμένου εγκλήματος στα Τέμπη  	Θέλουμε να δεσμευτούμε στους συγγενείς των θυμάτων της μεγάλης αυτής τραγωδίας, ότι θα συνεχίσουμε να βαδίζουμε μπροστά, στον αγώνα για να σταματήσει να θυσιάζεται η ανθρώπινη ζωή στο βωμό του καπιταλιστικού κέρδους  Για να ανοίξει ο δρόμος της ανατροπής",other,,other,,rail transport,-0.15,0.7,0.0,0.2,0.0,0.0,0.0,0.0,"[['dimitris koutsoumbas', 'person', '1.0'], ['kke', 'organization', '1.0'], ['kke', 'organization', '1.0'], ['kke', 'organization', '1.0'], ['tempe', 'location', '1.0']]","[['dimitris koutsoumbas', 'person', '1.0'], ['kke', 'organization', '1.0'], ['kke', 'organization', '1.0'], ['kke', 'organization', '1.0'], ['tempe', 'location', '1.0']]"
2," Friends and friends, For a month now, the government and the parties of the system have continued their provocative attempt to cover up the real culprits and the causes of the crime.  The government and SYRIZA, continue to provoke, with the miserable ping-pong about the responsibility rates of the current and the previous government.  Ministers continue to promote the outrageous narrative that everything is the stationmaster's fault.  SYRIZA and PASOK executives claim that the deep examination of the issue leads to a diffusion of responsibility and that the only responsible party is the Mitsotakis government.  They call on us to exonerate the rest of the guilty so that their obvious, timeless responsibilities, which life itself dramatically highlights, do not spread. "," Φίλες και φίλοι,	Εδώ και ένα μήνα συνεχίζεται από την κυβέρνηση και τα κόμματα του συστήματος, η προκλητική προσπάθεια συγκάλυψης των πραγματικών ενόχων και των αιτιών του εγκλήματος  Κυβέρνηση και ΣΥΡΙΖΑ, συνεχίζουν να προκαλούν, με το άθλιο ping-pong σχετικά με τα ποσοστά ευθύνης της σημερινής και της προηγούμενης κυβέρνησης  Υπουργοί εξακολουθούν να προβάλλουν το εξοργιστικό αφήγημα, ότι για όλα φταίει ο σταθμάρχης  Στελέχη του ΣΥΡΙΖΑ και του ΠΑΣΟΚ ισχυρίζονται ότι η βαθειά εξέταση του θέματος, οδηγεί σε διάχυση  ευθυνών και ότι μοναδικός υπεύθυνος είναι η κυβέρνηση Μητσοτάκη  Μας καλούν να απαλλάξουμε τους υπόλοιπους ένοχους για να μη διαχυθούν οι ολοφάνερες διαχρονικές ευθύνες τους που αναδεικνύει με δραματικό τρόπο η ίδια η ζωή",political parties,,corruption,,blame-shifting in greek politics,-0.8,0.88,0.2,0.7,0.6,0.7,0.2,0.2,"[['government', 'organization', '0.75'], ['syriza', 'organization', '0.75'], ['pasok', 'organization', '0.75'], ['mitsotakis', 'person', '0.75']]","[['government', 'organization', '1.0'], ['syriza', 'political party', '1.0'], ['government', 'organization', '1.0'], ['syriza', 'political party', '1.0'], ['pasok', 'political party', '1.0'], ['mitsotakis government', 'organization', '1.0']]"
3," Even though the repeated complaints warning of the risk of a major accident in rail transport have come to light.  The repeated complaints of the KKE in the Parliament, the announcements of PAME trade unionists, the out-of-court notices of unions are well known and we do not need to repeat them.  	What if the tragic deficiencies in personnel, infrastructure, the necessary training, the organization and the effective implementation of regulations, the necessary coordination of those responsible, the operation of a telecommand and light signaling system... The parties and the parrots of the system, continue the serial of mockery and distortion of the truth.  	And what have we not heard all these days. 	That ""these things only happen in backward Greece and not in Europe"".  That ""the situation was very good until the current government took over"" and vice versa, that ""the only positive steps were taken by the government of the Southwest"". "," Τι κι αν έχουν δει το φως της δημοσιότητας οι αλλεπάλληλες καταγγελίες που προειδοποιούσαν για τον κίνδυνο μεγάλου ατυχήματος στις σιδηροδρομικές μεταφορές  Οι αλλεπάλληλες καταγγελίες του ΚΚΕ στη Βουλή, οι ανακοινώσεις συνδικαλιστών του ΠΑΜΕ, τα εξώδικα σωματείων είναι πολύ γνωστά και δεν χρειάζεται να τα επαναλάβουμε  	Τι κι αν αποκαλύπτονται συνεχώς οι τραγικές ελλείψεις σε προσωπικό, στην υποδομή, την αναγκαία εκπαίδευση, την οργάνωση και την ουσιαστική εφαρμογή κανονισμών, τον αναγκαίο συντονισμό υπευθύνων, τη λειτουργία συστήματος τηλεδιοίκησης και φωτοσήμανσης… Τα κόμματα και τα παπαγαλάκια του συστήματος, συνεχίζουν το σίριαλ της κοροϊδίας και της διαστρέβλωσης της αλήθειας  	Και τι δεν ακούσαμε όλες αυτές τις μέρες 	Ότι «αυτά συμβαίνουν μόνο στην καθυστερημένη Ελλάδα και όχι στην Ευρώπη»  Ότι «η κατάσταση ήταν πολύ καλή μέχρι να αναλάβει η σημερινή κυβέρνηση» και αντίστροφα, ότι «τα μόνα θετικά βήματα τα έκανε η κυβέρνηση της ΝΔ »",infrastructure,,other,,rail transport safety,-0.8,0.4,0.0,0.3,0.6,0.1,0.0,0.0,"[['kke', 'organization', '1.0'], ['pame', 'organization', '1.0'], ['greece', 'location', '0.8'], ['europe', 'location', '0.6'], ['southwest', 'organization', '0.6']]","[['kke', 'organization', '0.8'], ['pame', 'organization', '0.6'], ['unions', 'group of people', '0.5'], ['greece', 'country', '0.8'], ['europe', 'location', '0.6'], ['southwest (presumably referring to a government)', 'organization', '0.5']]"
4," As if they don't know about the previous accidents, such as the one in Andendros in Thessaloniki in 2017 and their findings, the constant breakdowns, the major problems and delays over the years.  As if nothing has been heard about the organizational measures and technological means that could prevent and limit the consequences of any human error and which were lacking.  As if they have not read the reports of the European Union, where only in 2021, in one year, 1. 339 major rail accidents with 683 fatalities, 97 of which involved train collisions... They continue to bombard us with all manner of cover-ups of the truth:  That a 'bad privatisation' with unreliable investors has taken place, that 'proper implementation of EU policy' will save us, or some general and abstract 're-nationalisation'.  Talk about the cigarette case for the root of the problem. "," Λες και δεν γνωρίζουν για τα προηγούμενα ατυχήματα, όπως στο Άδενδρο της Θεσσαλονίκης το 2017 και τα πορίσματά τους, τις συνεχείς βλάβες, τα μεγάλα προβλήματα και τις καθυστερήσεις όλα αυτά τα χρόνια  Λες και δεν έχει ακουστεί τίποτα, για τα οργανωτικά μέτρα και τα τεχνολογικά μέσα, που μπορούσαν να αποτρέψουν και να περιορίσουν τις συνέπειες του όποιου ανθρώπινου λάθους και τα οποία έλειπαν  Λες και δεν έχουν διαβάσει τις εκθέσεις της Ευρωπαϊκής Ένωσης, όπου μόνο του 2021, σε ένα χρόνο μέσα, έγιναν 1 339 σημαντικά σιδηροδρομικά ατυχήματα με 683 νεκρούς, που 97 από αυτά αφορούσαν συγκρούσεις τρένων… Συνεχίζουν να μας βομβαρδίζουν με όλες τις παραλλαγές συγκάλυψης της αλήθειας:  Ότι υλοποιήθηκε μία “κακή ιδιωτικοποίηση” με αναξιόπιστους επενδυτές, ότι θα μας σώσει «η σωστή υλοποίηση της πολιτικής της ΕΕ» ή κάποια, γενικά κι αφηρημένα, «επανακρατικοποίηση»  Κουβέντα για την ταμπακιέρα για τη ρίζα του προβλήματος",privatization,,other,,train accidents,-0.8,0.95,0.0,0.75,0.2,0.6,0.0,0.0,"[['andendros', 'location', '0.8'], ['thessaloniki', 'location', '0.8'], ['european union', 'organization', '0.8']]","[['andendros', 'location', '0.5'], ['thessaloniki', 'location', '0.5'], ['european union', 'organization', '1.0'], ['2021', 'date', '1.0']]"
5," Talk about the current system, where transport, energy, communications, communications, health, the same labour force, are commodities.  Talk about what the business of rail transport for capitalist profit means in practice for the lives, safety and income of workers and passengers.  Talk about the negative consequences for the people of the implementation of the liberalisation policy in the European Union and in Britain, with all the variations of privatisation and nationalisation in previous years. "," Κουβέντα για το σημερινό σύστημα, όπου οι μεταφορές, η ενέργεια, οι επικοινωνίες, η υγεία, η ίδια εργατική δύναμη, αποτελούν εμπορεύματα  Κουβέντα για το τι σημαίνει στην πράξη για τη ζωή, την ασφάλεια και το εισόδημα των εργαζομένων και των επιβατών, η επιχειρηματική λειτουργία των σιδηροδρομικών μεταφορών με γνώμονα το καπιταλιστικό κέρδος  Κουβέντα για τις αρνητικές συνέπειες για το λαό από την υλοποίηση της πολιτικής απελευθέρωσης στην Ευρωπαϊκή Ένωση και στη Βρετανία, με όλες τις παραλλαγές ιδιωτικοποιήσεων και κρατικοποιήσεων τα προηγούμενα χρόνια",other,,hospital privatization,,transportation,-0.75,0.8,0.2,0.1,0.1,0.2,0.2,0.0,"[['european union', 'org', '0.9'], ['britain', 'loc', '0.9']]","[['european union', 'organization', '0.7'], ['britain', 'country', '0.7']]"
6," 	The truth is that across the EU, across the capitalist world, transport has the same ""pathologies"".  Transport made inaccessible to the people, with constant discounts on safety, with a network that is developed only where it is in the interests of capital.  The reason is simple. "," 	Η αλήθεια είναι ότι σε ολόκληρη την ΕΕ, σε ολόκληρο τον καπιταλιστικό κόσμο,  οι μεταφορές εμφανίζουν τις ίδιες “παθογένειες”  Μεταφορές που γίνονται απρόσιτες για το λαό, με συνεχείς εκπτώσεις στην ασφάλεια, με ένα δίκτυο που αναπτύσσεται μόνο εκεί που συμφέρει το κεφάλαιο  Η αιτία είναι  απλή",other,,other,,transport,-0.6,0.9,0.0,0.6,0.2,0.8,0.2,0.0,"[['eu', 'organization', '0.75'], ['capitalist world', 'location', '0.75'], ['transport', 'organization', '0.5']]","[['eu', 'organization', '0.8'], ['capitalist world', 'group of people', '0.8'], ['capital', 'location', '0.8']]"
7," Capitalist relations of production, the profit motive, shape the reality of transport.  	The form of the transport business changes according to the strategic interests of capital.  They used to be state-owned. "," Οι καπιταλιστικές σχέσεις παραγωγής, το κίνητρο του κέρδους,  διαμορφώνουν την  πραγματικότητα των μεταφορών  	Η μορφή που έχουν οι επιχειρήσεις των μεταφορών αλλάζει με βάση τα εκάστοτε στρατηγικά συμφέροντα του κεφαλαίου  Παλιά ήταν κρατικές",privatization,,hospital privatization,,transportation industry,0.0,0.5,0.0,0.1,0.0,0.2,0.0,0.0,"[['capitalist relations of production', 'organization', '0.7']]","[['capitalist', 'organization', '0.85'], ['state-owned', 'organization', '0.75.']]"
8," Today, the so-called liberalisation of rail transport is the commonplace that promotes further commercialisation, and makes transport even more expensive and, as has tragically proved, dangerous for the people.  In recent decades, throughout the capitalist world, there has been a trend towards the gradual dismantling of the state monopolies, the so-called ""liberalisation"" and privatisation of the state-owned enterprises operating in these sectors.  Why it happens. "," Σήμερα η λεγόμενη απελευθέρωση των σιδηροδρομικών μεταφορών, είναι ο κοινός τόπος που προωθεί την περαιτέρω εμπορευματοποίηση, και  κάνει τις μεταφορές ακόμα ακριβότερες και, όπως τραγικά αποδείχθηκε, επικίνδυνες για το λαό  Τις τελευταίες δεκαετίες, σε ολόκληρο τον καπιταλιστικό κόσμο, εμφανίζεται η τάση της σταδιακής διάλυσης των κρατικών μονοπωλίων, της λεγόμενης «απελευθέρωσης» και της ιδιωτικοποίησης των κρατικών επιχειρήσεων που δραστηριοποιούνταν σ’ αυτούς τους κλάδους  Γιατί συμβαίνει",privatization,,other,,rail liberalisation,-0.8,0.9,0.3,0.4,0.2,0.4,0.3,0.2,"[['today', 'the', 'date', '1.0'], ['liberalisation', 'organization', '1.0'], ['rail transport', 'product', '0.7'], ['commercialisation', 'product', '0.5'], ['transport', 'product', '0.6'], ['capitalist world', 'location', '0.8'], ['state monopolies', 'organization', '0.9'], ['liberalisation', 'organization', '1.0'], ['privatisation', 'organization', '0.9'], ['state-owned enterprises', 'organization', '0.8'], ['sectors', 'product', '0.7']]","[['liberalisation', 'organization', '0.5'], ['rail transport', 'organization', '0.5'], ['commercialisation', 'organization', '0.5'], ['people', 'group of people', '0.5'], ['capitalist world', 'location', '0.5'], ['state monopolies', 'organization', '0.5'], ['liberalisation', 'organization', '0.5'], ['privatisation', 'organization', '0.5'], ['state-owned enterprises', 'organization', '0.5'], ['sectors', 'organization', '0.5']]"
9," It reflects the swelling of over-accumulated capital, which cannot find a profitable outlet.  	In these circumstances, EU policy is trying to secure new areas of investment activity for the monopoly groups.  The development of the relevant European policy was not a one-off project.  It was done in parts over fifteen years, by many different governments of all ""colours"", a development that in itself shatters any rhetoric of ""neoliberal glory"" exclusively. "," Αντανακλά τη διόγκωση του υπερσυσσωρευμένου κεφαλαίου, το οποίο δε βρίσκει κερδοφόρα διέξοδο  	Σε αυτές τις συνθήκες, η ευρωενωσιακή πολιτική προσπαθεί να διασφαλίσει νέα πεδία επενδυτικής δραστηριότητας για τους μονοπωλιακούς ομίλους  Η ανάπτυξη της σχετικής ευρωπαϊκής πολιτικής, δεν ήταν μονόπρακτο έργο  Έγινε τμηματικά σε διάστημα δεκαπέντε ετών, από πολλές διαφορετικές κυβερνήσεις, κάθε “χρώματος”, εξέλιξη που από μόνη της θρυμματίζει τυχόν φληναφήματα περί “νεοφιλελεύθερης δοξασίας” αποκλειστικά",economy,,other,,capital over-accumulation,0.0,0.15,0.1,0.1,0.2,0.1,0.0,0.0,"[['eu', 'organization', '1.0'], ['european', 'adjective', '1.0'], ['fifteen years', 'numeric', '1.0']]","[['eu', 'organization', '0.9'], ['neoliberal glory', 'organization', '0.6'], ['european policy', 'organization', '0.8'], ['governments', 'group of people', '0.7'], ['capital', 'organization', '0.5']]"
10," The EU has played an organic role in freight and rail transport.  Liberalisation was driven by a long chain of European directives and railway policy packages, which aimed at the gradual separation of infrastructure and use and the gradual removal of all barriers to the implementation of the single railway market.  	Contrary to the permanent literature, coming mainly from PASOK/KINAL and SYRIZA executives, who try to sanctify the EU policy. "," Η ΕΕ διαδραμάτισε οργανικό ρόλο στην εμπορευματοποίηση και των σιδηροδρομικών μεταφορών  Η απελευθέρωση προωθήθηκε από μια μεγάλη αλυσίδα ευρωπαϊκών οδηγιών και πακέτων σιδηροδρομικής πολιτικής, που είχαν ως στόχο το βαθμιαίο διαχωρισμό υποδομής και χρήσης και τη βαθμιαία άρση όλων των φραγμών για την υλοποίηση της ενιαίας σιδηροδρομικής αγοράς  	Σε αντίθεση με τη μόνιμη φιλολογία, προερχόμενη κυρίως από στελέχη του ΠΑΣΟΚ/ΚΙΝΑΛ και του ΣΥΡΙΖΑ, που προσπαθούν να καθαγιάσουν την πολιτική της ΕΕ",europe,,railway,,eu transport policy,0.0,0.5,0.2,0.1,0.2,0.2,0.0,0.1,"[['eu', 'organization', '0.91'], ['pasok/kinal', 'organization', '0.68'], ['syriza', 'organization', '0.87']]","[['eu', 'organization', '1.0'], ['pasok/kinal', 'political party', '0.8'], ['syriza', 'political party', '0.8']]"
11," They refer to the liberalisation of the railways and their subsequent privatisation as a Greek originality, at a time when this policy is followed throughout the European Union.  Initially, Directive 440 of 1991 was promoted, which referred to the accounting separation between infrastructure and operation.  separation, which crystallizes, at a primitive level, the basic aim of the policy of liberalization. "," Αναφέρονται στην απελευθέρωση των σιδηρόδρομων και στη μετέπειτα ιδιωτικοποίησή τους, ως ελληνική πρωτοτυπία, τη στιγμή που η συγκεκριμένη πολιτική ακολουθείται σε ολόκληρη την Ευρωπαϊκή Ένωση  Αρχικά προωθήθηκε η οδηγία 440 του 1991, που έκανε λόγο για το λογιστικό διαχωρισμό μεταξύ της υποδομής και της εκμετάλλευσης  Διαχωρισμό, με τον οποίο αποκρυσταλλώνεται, σε πρωτόλειο επίπεδο, η βασική στόχευση της πολιτικής της απελευθέρωσης",privatization,,hospital privatization,,railway liberalisation/privatisation,0.0,0.1,0.1,0.0,0.2,0.0,0.0,0.0,"[['greek', 'norp', '0.92'], ['european union', 'org', '0.95'], ['directive 440', 'law', '0.85']]","[['european union', 'organization', '0.85'], ['directive 440', 'political party', '0.35'], ['greece', 'country', '0.85'], ['1991', 'date', '0.25']]"
12," 	The next essential step in promoting liberalisation was a set of European directives that built on and extended Directive 440/91.  These are Directives 12/2001, 13/2001 and 14/2001 which were condensed and became known as the EU's first railway package.  This is followed by a second set of directives, Directives 49/2004, 50/2004 and 51/2004, known as the European Commission's second railway package, which introduces full liberalisation of all rail freight transport in the EU from the beginning of 2007.  It is thus a milestone in the history of rail liberalisation in the EU, at least for freight transport.  Next step, the third railway package of 2007. "," 	Επόμενο ουσιαστικό βήμα στην προώθηση της απελευθέρωσης, ήταν ένα σύνολο από ευρωπαϊκές οδηγίες που βασίστηκαν και επεξέτειναν την οδηγία 440/91  Πρόκειται για τις οδηγίες 12/2001,13/2001 και 14/2001 που συμπυκνώθηκαν και έγιναν γνωστές ως το πρώτο σιδηροδρομικό πακέτο της ΕΕ  Ακολουθεί ένα δεύτερο σύνολο οδηγιών, οι οδηγίες 49/2004, 50/2004 και 51/2004 που γίνονται γνωστές, ως το δεύτερο σιδηροδρομικό πακέτο της Ευρωπαϊκής Επιτροπής, το οποίο εισάγει την πλήρη απελευθέρωση όλων των εμπορευματικών σιδηροδρομικών μεταφορών στην ΕΕ από τις αρχές του 2007  Αποτελεί έτσι  ορόσημο στην ιστορία της απελευθέρωσης των σιδηρόδρομων στην ΕΕ, τουλάχιστον για τις μεταφορές εμπορευμάτων  Επόμενο βήμα, το τρίτο σιδηροδρομικό πακέτο του 2007",privatization,,railway,,railway liberalisation,0.0,0.0,0.0,0.0,0.0,0.0,0.0,0.0,"[['european directives', 'organization', '1.0'], ['directive 440/91', 'organization', '1.0'], ['directives 12/2001', 'organization', '1.0'], ['directives 13/2001', 'organization', '1.0'], ['directives 14/2001', 'organization', '1.0'], ['eu', 'organization', '1.0'], ['railway package', 'other', '1.0'], ['directives 49/2004', 'organization', '1.0'], ['directives 50/2004', 'organization', '1.0'], ['directives 51/2004', 'organization', '1.0'], ['european commission', 'organization', '1.0'], ['rail liberalisation', 'other', '1.0'], ['eu', 'organization', '1.0'], ['freight transport', 'other', '1.0'], ['third railway package', 'other', '1.0.']]","[['european directives', 'organization', '1.0'], ['directive 440/91', 'organization', '1.0'], ['directives 12/2001', 'organization', '1.0'], ['directives 13/2001', 'organization', '1.0'], ['directives 14/2001', 'organization', '1.0'], ['eu', 'organization', '1.0'], ['second railway package', 'organization', '1.0'], ['european commission', 'organization', '1.0'], ['rail freight transport', 'organization', '1.0'], ['eu', 'location', '1.0'], ['2007', 'date', '1.0.']]"
13," It introduces the liberalisation of international passenger transport from 2010.  The culmination of all this, most recently came the 2012 directive on the ""creation of a single European railway area"", which essentially unifies the previous directives. 	In our country, the long-standing policy for the liberalisation of railways in Greece follows the corresponding policy of the EU, the main aim of which is to create a single market for railway activities, in which the monopolistic groups of the EU can invest without any hindrance.   	However, the creation of a single rail market required the separation of transport operations from the rail infrastructure.  This is the key element of the European liberalisation policy: the separation of rail infrastructure from transport work.  This is the only way to ensure that the infrastructure can be used by other companies, the only way to pave the way for the penetration of groups into rail transport.  The consequences of this policy are, as is constantly being demonstrated, tragic for the working people. Liberalisation has two main, complementary axes, separation and full commercialisation.  Segregation means that many different firms compete and operate on the same network.  The ""mess"" of understanding between OSE, and Hellenic Train did not succeed.  It worked. "," Εκεί εισάγεται η απελευθέρωση των διεθνών επιβατικών μεταφορών από το 2010  Αποκορύφωμα όλων, τελευταία ήρθε η οδηγία του 2012 που αφορά τη «δημιουργία ενιαίου ευρωπαϊκού σιδηροδρομικού χώρου» και που ουσιαστικά ενοποιεί τις προηγούμενες οδηγίες 	Στη χώρα μας, η διαχρονική πολιτική για την απελευθέρωση των σιδηρόδρομων στην Ελλάδα, ακολουθεί την αντίστοιχη πολιτική της ΕΕ, η βασική στόχευση της οποίας συνίσταται στη δημιουργία μιας ενιαίας αγοράς σιδηροδρομικών δραστηριοτήτων, στην οποία να μπορούν να επενδύσουν απρόσκοπτα οι μονοπωλιακοί όμιλοι της ΕΕ   	Όμως, η δημιουργία μιας ενιαίας σιδηροδρομικής αγοράς, απαιτούσε την απόσπαση της εκμετάλλευσης του μεταφορικού έργου από την σιδηροδρομική υποδομή  Αυτό είναι και το βασικότερο στοιχείο της ευρωπαϊκής πολιτικής της απελευθέρωσης: ο διαχωρισμός της σιδηροδρομικής υποδομής από το μεταφορικό έργο  Μόνο έτσι διασφαλίζεται η δυνατότητα χρήσης της υποδομής από άλλες επιχειρήσεις, μόνο έτσι ανοίγει ο δρόμος για τη διείσδυση των ομίλων στις σιδηροδρομικές μεταφορές  Οι συνέπειες της πολιτικής αυτής είναι, όπως αποδεικνύεται συνεχώς, τραγικές για τα εργατικά λαϊκά στρώματα Η απελευθέρωση έχει δύο βασικούς, συμπληρωματικούς μεταξύ τους άξονες, τον διαχωρισμό και την πλήρη εμπορευματοποίηση  Διαχωρισμός σημαίνει ότι πολλές διαφορετικές επιχειρήσεις ανταγωνίζονται και  δραστηριοποιούνται πάνω στο ίδιο δίκτυο  Το “μπάχαλο” συνεννόησης μεταξύ ΟΣΕ, και Hellenic Train δεν έτυχε  Πέτυχε",privatization,,railway,,liberalisation of railways,0.0,0.3,0.2,0.1,0.0,0.1,0.0,0.0,"[['liberalisation', 'policy', '1.0'], ['international passenger transport', 'entity', '1.0'], ['2010', 'entity', '1.0'], ['2012 directive', 'entity', '1.0'], ['single european railway area', 'entity', '1.0'], ['directives', 'entity', '1.0'], ['greece', 'entity', '1.0'], ['eu', 'entity', '1.0'], ['single market', 'entity', '1.0'], ['railway activities', 'entity', '1.0'], ['monopolistic groups', 'entity', '1.0'], ['rail market', 'entity', '1.0'], ['transport operations', 'entity', '1.0'], ['rail infrastructure', 'entity', '1.0'], ['european liberalisation policy', 'entity', '1.0'], ['working people', 'entity', '1.0'], ['axes', 'entity', '1.0'], ['separation', 'entity', '1.0'], ['full commercialisation', 'entity', '1.0'], ['many different firms', 'entity', '1.0'], ['same network', 'entity', '1.0'], ['ose', 'entity', '1.0'], ['hellenic train', 'entity', '1.0']]","[['2010', 'date', '1.0'], ['2012 directive', 'organization', '1.0'], ['european union or eu', 'organization', '1.0'], ['greece', 'country', '1.0'], ['ose or hellenic train', 'organization', '0.5']]"
14," It is the inevitable result of the very policy of rail liberalisation. 		Most importantly, the guilt of the policy of liberation lies elsewhere.  Its aim, as we have mentioned before, is none other than the exploitation of rail transport as a profitable field for capital investment.  And here lies the core of the problem. "," Είναι το νομοτελειακό αποτέλεσμα της ίδιας της πολιτικής της απελευθέρωσης των σιδηροδρομικών μεταφορών 		Κυρίως όμως, η ενοχή της πολιτικής της απελευθέρωσης βρίσκεται αλλού  Στόχος της, όπως αναφέραμε και προηγουμένως, δεν είναι άλλος απ’ την αξιοποίηση των σιδηροδρομικών μεταφορών, ως πεδίου κερδοφόρας τοποθέτησης κεφαλαίων  Κι εδώ βρίσκεται ο πυρήνας του προβλήματος",privatization,,hospital privatization,,rail liberalisation,-0.5,0.7,0.1,0.2,0.2,0.0,0.0,0.0,"[['rail liberalisation', 'policy', '0.80'], ['liberation', 'policy', '0.80'], ['rail transport', 'field', '0.60'], ['capital investment', 'profitable field', '0.60']]","[['rail liberalisation', 'organization', '0.6'], ['rail transport', 'organization', '0.6']]"
15," Profit-driven business operation means increasing prices and constantly squeezing so-called ""costs"".  It means reducing maintenance ""to the absolute minimum"", reducing staff, reducing their training.  It means limiting investment in security, because it reduces the so-called ""costs"".  And no matter how much the various apologists of capitalism try to attribute this situation to a Greek peculiarity, they cannot hide the fact that the jungle of the capitalist market is the ultimate culprit.  The iron laws of the capitalist market have this content, regardless of whether the owner of such an enterprise is a private individual or the state.  	The State-owned enterprise evaluates its productivity in comparison with the rest of the industry, using private-economic criteria. "," Επιχειρηματική λειτουργία με γνώμονα το κέρδος, σημαίνει αύξηση των τιμών και συνεχή συμπίεση του λεγόμενου “κόστους”  Σημαίνει μείωση της συντήρησης “στο απολύτως ελάχιστο”, μείωση του προσωπικού, μείωση της εκπαίδευσής του  Σημαίνει περιορισμό των επενδύσεων για την ασφάλεια, γιατί έτσι περιορίζεται το ονομαζόμενο “κόστος”  Και όσο και αν προσπαθούν οι διάφοροι απολογητές του καπιταλισμού να αποδώσουν αυτή την κατάσταση σε ελληνική ιδιαιτερότητα, δεν μπορούν να κρύψουν πως η ζούγκλα της καπιταλιστικής αγοράς είναι ο τελικός υπεύθυνος  Οι σιδερένιοι νόμοι της καπιταλιστικής αγοράς έχουν αυτό το περιεχόμενο, ανεξάρτητα με το αν ο ιδιοκτήτης μιας τέτοιας επιχείρησης είναι ιδιώτης ή το κράτος  	Η κρατική επιχείρηση αποτιμά την παραγωγικότητά της σε σύγκριση με τις υπόλοιπες του κλάδου, με ιδιωτικο-οικονομικά κριτήρια",other,,other,,profit-driven business operation,-0.8,0.8,0.9,0.76,0.5,0.7,0.2,0.0,"[['none', 'there are no proper nouns or named entities in this text.']]","[['1. capitalist market', 'group of people', '0.8'], ['2. greek', 'location', '0.9'], ['3. state', 'organization', '0.7'], ['4. industry', 'organization', '0.8']]"
16," It is exposed to capitalist competition, chasing ""positive"" economic results, using, as a matter of law, the same methods as private individuals.  	The result, throughout Europe, was and is negative for the people, increases in ticket prices, limitation of routes, increase in the frequency of accidents, ""destructive"" exploitation of the network infrastructure, ""battle"" of construction groups for contractors, great acceleration of the concentration of the ""railway pie"" in a handful of monopolies, at a pan-European level.   It is worth mentioning that in Great Britain, where the liberalisation of rail transport has already taken place since 1970, the real cost (deflated) of rail travel, from 1997 to 2009, increased by more than 20%.  	Similarly, in Germany, in the same period, the increase in real costs exceeds 15%, and in the Netherlands more than 10%, to name just a few typical examples. "," Εκτίθεται στον καπιταλιστικό ανταγωνισμό, κυνηγάει τα “θετικά” οικονομικά αποτελέσματα, αξιοποιώντας,  νομοτελειακά, τις ίδιες μεθόδους με τους ιδιώτες  	Το αποτέλεσμα, σε ολόκληρη την Ευρώπη ήταν και είναι αρνητικό για το λαό, αυξήσεις στις τιμές των εισιτηρίων, περιορισμός των δρομολογίων, αύξηση της συχνότητας των ατυχημάτων, “καταστροφική” αξιοποίηση των υποδομών του δικτύου, “μάχη” κατασκευαστικών ομίλων για τις εργολαβίες, μεγάλη επιτάχυνση της συγκέντρωσης της “σιδηροδρομικής πίτας” σε μια χούφτα μονοπώλια, σε πανευρωπαϊκό επίπεδο   Αξίζει να αναφέρουμε πως στη Μεγάλη Βρετανία, όπου η απελευθέρωση των σιδηροδρομικών μεταφορών έχει συντελεστεί ήδη από το 1970, το πραγματικό κόστος (αποπληθωρισμένο) της σιδηροδρομικής μετακίνησης, από το 1997 έως το 2009, αυξήθηκε πάνω από 20%  	Αντίστοιχα στη Γερμανία, στο ίδιο χρονικό διάστημα, η αύξηση του πραγματικού κόστος υπερβαίνει το 15%, ενώ και στην Ολλανδία υπερβαίνει το 10%, για να αναφέρουμε ορισμένα μόνο χαρακτηριστικά παραδείγματα",privatization,,railway,,railway liberalization,-0.8,0.9,0.0,0.9,0.5,0.2,0.0,0.0,"[['europe', 'location', '1.0'], ['great britain', 'location', '1.0'], ['1970', 'date', '1.0'], ['1997', 'date', '1.0'], ['2009', 'date', '1.0'], ['germany', 'location', '1.0'], ['netherlands', 'location', '1.0']]","[['europe', 'location', '0.6'], ['great britain', 'country', '0.9'], ['germany', 'country', '0.9'], ['netherlands', 'country', '0.9'], ['1970', 'date', '0.8'], ['1997', 'date', '0.8'], ['2009', 'date', '0.8']]"
17," It is worth noting that in the major EU economies all forms of ownership, state, private and mixed, have been tried, coexisting, without any substantial improvement for the people.  The real culprit behind the accident in Tempe, behind the devaluation of a network and the conversion of the railways into an Athens - Thessaloniki line, which they defined as barren, is the EU's own rail policy.  All governments to date have implemented this policy to the hilt. "," Αξίζει να σημειώσουμε ότι στις μεγάλες οικονομίες της ΕΕ δοκιμάστηκαν, συνυπάρχουν, όλες οι μορφές ιδιοκτησίας, κρατική, ιδιωτική και μικτή, χωρίς καμιά ουσιαστική βελτίωση για το λαό  Ο πραγματικός ένοχος πίσω απ’ το δυστύχημα στα Τέμπη, πίσω απ’ την απαξίωση ενός δικτύου και την μετατροπή των σιδηρόδρομων σε μία γραμμή Αθήνα – Θεσσαλονίκη, την οποία προσδιόριζαν ως άγονη, είναι η ίδια η πολιτική της ΕΕ για τους σιδηρόδρομους  Όλες οι μέχρι σήμερα κυβερνήσεις έχουν υλοποιήσει την συγκεκριμένη πολιτική μέχρι κεραίας",privatization,,railway,,eu rail policy,-0.4,0.75,0.2,0.4,0.2,0.75,0.1,0.0,"[['eu', 'organization', '0.9'], ['tempe', 'location', '0.9'], ['athens', 'location', '0.8'], ['thessaloniki', 'location', '0.8']]","[['eu', 'organization', '1.0'], ['tempe', 'location', '0.6'], ['athens', 'location', '0.8'], ['thessaloniki', 'location', '0.8']]"
18," 	The promotion of EU policy has been gradual.   The first act of the drama was carried out in 1997 by the PASOK government, which proceeded to adapt national legislation to the Community legislation, introducing into national law European Directives 91/440, 95/18 and 95/19.  A year later, Law 2671/1998 on OSE, implemented the national legislation and proceeded to the internal restructuring of OSE, implementing the accounting separation of infrastructure and operation, paving the way for the continuation of the.  This was followed in 2005, by the government of the New Democracy (ND), by which the harmonisation of Greek legislation with the first EU railway package was implemented. "," 	Η προώθηση της ευρωενωσιακής πολιτικής έγινε βαθμιαία   Η πρώτη πράξη του δράματος έγινε το 1997 από την κυβέρνηση του ΠΑΣΟΚ, που προχώρησε στην προσαρμογή της εθνικής νομοθεσίας με την κοινοτική, εισάγοντας στο εθνικό δίκαιο τις ευρωπαϊκές οδηγίες 91/440, 95/18 και 95/19  Ένα χρόνο αργότερα ο νόμος 2671/1998 για τον ΟΣΕ, υλοποίησε την εθνική πλέον νομοθεσία και προχώρησε στην εσωτερική αναδιάρθρωση του ΟΣΕ, εφαρμόζοντας το λογιστικό διαχωρισμό υποδομής και εκμετάλλευσης, ανοίγοντας το δρόμο για τη συνέχεια  Ακολουθεί το 2005, από την κυβέρνηση της ΝΔ, το ΠΔ 41/2005, με το οποίο υλοποιήθηκε η εναρμόνιση της ελληνικής νομοθεσίας με το πρώτο σιδηροδρομικό πακέτο της ΕΕ",europe,,other,,eu policy promotion,0.0,0.0,0.0,0.0,0.0,0.0,0.0,0.0,"[['eu', 'organization', '1.0'], ['pasok', 'political party', '1.0'], ['community', 'organization', '1.0'], ['european directives 91/440', 'law', '1.0'], ['european directives 95/18', 'law', '1.0'], ['european directives 95/19', 'law', '1.0'], ['law 2671/1998', 'law', '1.0'], ['ose', 'organization', '1.0'], ['new democracy', 'political party', '1.0'], ['eu railway package', 'law', '1.0'], ['greek', 'nationality', '1.0']]","[['pasok government', 'organization', '0.75'], ['european directives 91/440', '95/18 and 95/19', 'organization', '0.75'], ['law 2671/1998 on ose', 'organization', '0.75'], ['ose', 'organization', '0.75'], ['new democracy', 'political party', '0.75'], ['greek', 'country', '0.75'], ['eu', 'organization', '0.75'], ['1997', 'date', '0.75'], ['2005', 'date', '0.75']]"
19," In the same year, the first major restructuring of OSE's corporate structure is implemented.  The company TRAINOSE is created, as a merger of PROSTIACOS A. Ε. "," Τον ίδιο χρόνο, υλοποιείται η πρώτη μεγάλη αναδιάρθρωση του εταιρικού σχήματος του ΟΣΕ  Δημιουργείται η εταιρία ΤΡΑΙΝΟΣΕ, ως συνένωση της ΠΡΟΑΣΤΙΑΚΟΣ Α Ε",other,,railway,,corporate restructuring,0.0,0.0,0.0,0.0,0.0,0.0,0.0,0.0,"[['ose', 'organization', '1.0'], ['trainose', 'organization', '1.0'], ['prostiacos a. ε.', 'organization', '1.0']]","[['ose', 'organization', '0.8'], ['trainose', 'organization', '1.0'], ['prostiacos a. ε.', 'organization', '0.7']]"
20," (an existing subsidiary of OSE) and the remaining activities of OSE in the provision of railway services.  Initially, TRAINOSE remains a subsidiary of the OSE Group.  Finally, in 2008, TRAINOSE becomes independent from OSE.  Finally, the independence of TRAINOSE is completed with the latest legislation of the PASOK government, which annuls the last remaining link between the two companies, giving the rolling stock of OSE to the ownership of TRAINOSE and replacing the hitherto existing system of renting the rolling stock from TRAINOSE. 	The next act of the drama was the 2010 PASOK law on railways, which was the last link in a long chain of reforms that as a whole constitute the liberalisation of rail transport.  This law implements the completion of the separation of OSE and TRAINOSE, the separation of infrastructure and operation, and provides for an extensive operational restructuring of the railway undertakings.  The government of SYRIZA, then, was the one that proceeded with the sale of TRAINOSE to Italian Railways, while then, during the government of the Southwest, the process of absorption of the rolling stock maintenance company from TRAINOSE was completed. "," (μιας ήδη υπάρχουσας θυγατρικής του ΟΣΕ) και των υπόλοιπων δραστηριοτήτων παροχής σιδηροδρομικών υπηρεσιών του ΟΣΕ  Αρχικά η ΤΡΑΙΝΟΣΕ παραμένει θυγατρική του ομίλου ΟΣΕ  Τέλος, το 2008 η ΤΡΑΙΝΟΣΕ ανεξαρτητοποιείται από τον ΟΣΕ  Τελικά η ανεξαρτητοποίηση της ΤΡΑΙΝΟΣΕ ολοκληρώνεται με το τελευταίο νομοθέτημα της κυβέρνησης του ΠΑΣΟΚ που αναιρεί και τον τελευταίο εναπομείναντα συνδετικό κρίκο των δύο εταιριών, παραχωρώντας το τροχαίο υλικό του ΟΣΕ στην κυριότητα της ΤΡΑΙΝΟΣΕ και αντικαθιστώντας το μέχρι τώρα ισχύον καθεστώς ενοικίασης του υλικού από την ΤΡΑΙΝΟΣΕ 	Η επόμενη πράξη του δράματος, έγινε με το νόμο του ΠΑΣΟΚ του 2010 για τους σιδηροδρόμους, που ήταν ο τελευταίος κρίκος μιας μακράς αλυσίδας μεταρρυθμίσεων που ως σύνολο συνιστούν την απελευθέρωση των σιδηροδρομικών μεταφορών  Αυτός ο νόμος, υλοποιεί την ολοκλήρωση του διαχωρισμού ΟΣΕ και ΤΡΑΙΝΟΣΕ, το διαχωρισμό υποδομής και εκμετάλλευσης, ενώ προβλέπει μια εκτενή λειτουργική αναδιαμόρφωση των σιδηροδρομικών επιχειρήσεων  Η κυβέρνηση του ΣΥΡΙΖΑ, στη συνέχεια, ήταν αυτή που προχώρησε στην πώληση της ΤΡΑΙΝΟΣΕ στους Ιταλικούς σιδηρόδρομους ενώ στη συνέχεια, κατά την διάρκεια της κυβέρνησης της ΝΔ, ολοκληρώθηκε η διαδικασία απορρόφησης της εταιρίας συντήρησης τροχαίου υλικού απ’ την ΤΡΑΙΝΟΣΕ",privatization,,railway,,railway services,0.0,0.1,0.0,0.0,0.0,0.0,0.0,0.0,"[['ose', 'organization', '1.0'], ['trainose', 'organization', '1.0'], ['ose group', 'organization', '1.0'], ['pasok', 'government', '1.0'], ['syriza', 'government', '1.0'], ['italian railways', 'organization', '1.0'], ['southwest', 'government', '1.0']]","[['ose', 'organization', '1.0'], ['trainose', 'organization', '1.0'], ['ose group', 'organization', '1.0'], ['pasok', 'political party', '1.0'], ['syriza', 'political party', '1.0'], ['italian railways', 'organization', '1.0'], ['southwest', 'location', '1.0'], ['2010', 'date', '1.0'], ['2008', 'date', '1.0']]"
21,"Friends The liberalisation of rail transport is literally a recipe for increased risk, for railway workers and passengers alike.  In a system of great complexity, high sensitivity and many risks, many different firms are active, each of which, aiming for the greatest possible profit, aims to pass on the costs to the others.  It aims to increase its profit margins as much as possible.  Here we have to take into account the competition from groups that have invested in major roads and an upgrade of rail transport can have a negative impact on their profitability.  All the parameters concerning the prevention and mitigation of the consequences of major accidents are put on the cost-benefit scale for each group and for the capital state.  Decisions are made on the basis of capitalist profitability: On the number of recruitments, the pace and hours of work, the level of wages and the effective training of workers.  Based on the commitments and guidelines of the EU, and the strategy of capital, the bourgeois state chooses which investments to prioritise and how much money to allocate. ","Φίλες και φίλοι	Η απελευθέρωση των σιδηροδρομικών μεταφορών είναι κυριολεκτικά συνταγή αύξησης της επικινδυνότητας, για τους σιδηροδρομικούς και τους επιβάτες  Σε ένα σύστημα μεγάλης πολυπλοκότητας, μεγάλης ευαισθησίας και πολλών κινδύνων, δραστηριοποιούνται πολλές διαφορετικές επιχειρήσεις, η κάθε μία απ’ τις οποίες, στοχεύει στο μεγαλύτερο δυνατό κέρδος, στοχεύει στο να μετακυλίσει το κόστος στις υπόλοιπες  Στοχεύει στο να αυξήσει όσο γίνεται τα περιθώρια κέρδους της  Εδώ πρέπει να συνυπολογίσουμε και τον ανταγωνισμό από τους ομίλους που έχουν επενδύσει σε μεγάλους οδικούς άξονες και μια αναβάθμιση των σιδηροδρομικών μεταφορών μπορεί να επιδράσει αρνητικά στην κερδοφορία τους  Όλες οι παράμετροι που αφορούν την πρόληψη και τον περιορισμό των συνεπειών μεγάλων ατυχημάτων μπαίνουν στη ζυγαριά κόστους – οφέλους για τον κάθε όμιλο και για το κράτος του κεφαλαίου  Με γνώμονα τη καπιταλιστική κερδοφορία λαμβάνονται οι αποφάσεις: Για τον αριθμό των προσλήψεων, τον ρυθμό και τις ώρες εργασίας, το ύψος των μισθών και την ουσιαστική εκπαίδευση των εργαζόμενων  Με βάση τις δεσμεύσεις και τις κατευθύνσεις της ΕΕ, και την στρατηγική του κεφαλαίου, επιλέγει το αστικό κράτος, ποιες επενδύσεις θα ιεραρχήσει και ποιο ύψος κονδυλίων θα διαθέσει",privatization,,other,,rail transport liberalisation,-0.8,0.9,0.7,0.9,0.5,0.7,0.0,0.2,"[['eu', 'organization', '1.0']]","[['friends', 'group of people', '0.8'], ['railway workers', 'group of people', '0.8'], ['passengers', 'group of people', '0.8'], ['firms', 'organization', '0.8'], ['groups', 'organization', '0.8'], ['capital state', 'location', '0.8'], ['eu', 'organization', '0.8'], ['bourgeois state', 'political party', '0.8']]"
22," So there are no surplus funds in Greece for the maintenance and guarding of the lines, the equipment and railway material, for the effective control of the operation of the railways, while there are generous funds for the Sea2Sea project, the railway interconnection of the ports of Northern Greece, Bulgaria and Romania.  	The most prominent example is the appalling delay in the operation of the telecommand system, which is one of the factors in preventing and limiting the consequences of any human error in handling.   This is the now infamous contract 717/2014 that has not yet been completed, 8.5 years after its award, under the responsibility of the SYRIZA and ND governments.  Governments, which proved to be very capable of implementing many profitable investment projects of the conglomerates with fast-track procedures, but here they moved at a turtle's pace, with delays and freezing of procedures due to foreseeable problems in most of the corresponding public projects.  Unfortunately, this is not the only shortage, the only delay. "," Έτσι δεν περισσεύουν κονδύλια στην Ελλάδα για την συντήρηση και τη φύλαξη των γραμμών, τον εξοπλισμό και του σιδηροδρομικού υλικού, για τον ουσιαστικό έλεγχο της λειτουργίας των σιδηροδρόμων, ενώ δίνονται πλουσιοπάροχα κονδύλια για το σχέδιο Sea2Sea, τη σιδηροδρομική διασύνδεση των λιμανιών της Βόρειας Ελλάδας, της Βουλγαρίας και της Ρουμανίας  	Το πιο χαρακτηριστικό παράδειγμα, είναι η τρομακτική καθυστέρηση στη λειτουργία του συστήματος τηλεδιοίκησης, που αποτελεί έναν από τους παράγοντες για την αποτροπή και τον περιορισμό των συνεπειών του όποιου ανθρώπινου λάθους χειρισμού   Πρόκειται για την περιβόητη πλέον σύμβαση 717/2014 που δεν έχει ακόμα ολοκληρωθεί, 8,5 χρόνια μετά την ανάθεσή της, με ευθύνη των κυβερνήσεων ΣΥΡΙΖΑ και ΝΔ  Κυβερνήσεων, που αποδείχθηκαν πολύ ικανές να υλοποιήσουν με διαδικασίες fast-track πολλά κερδοφόρα επενδυτικά σχέδια των ομίλων, αλλά εδώ κινήθηκαν με ρυθμούς χελώνας, με καθυστερήσεις και πάγωμα των διαδικασιών για προβλέψιμα προβλήματα στα περισσότερα αντίστοιχα δημόσια έργα  Δυστυχώς δεν πρόκειται για τη μοναδική έλλειψη, τη μοναδική καθυστέρηση",infrastructure,,railway,,railway maintenance and funding in greece,-0.8,0.6,0.2,0.2,0.2,0.2,0.0,0.0,"[['greece', 'location', '1.0'], ['sea2sea', 'project', '1.0'], ['northern greece', 'location', '1.0'], ['bulgaria', 'location', '1.0'], ['romania', 'location', '1.0'], ['telecommand system', 'entity', '1.0'], ['syriza', 'organization', '1.0'], ['nd', 'organization', '1.0']]","[['greece', 'location', '1.0'], ['sea2sea', 'organization', '0.8'], ['northern greece', 'location', '1.0'], ['bulgaria', 'location', '1.0'], ['romania', 'location', '1.0'], ['syriza', 'political party', '1.0'], ['nd', 'political party', '1.0']]"
23," Negative trend in all critical parameters concerning transport safety.  The understaffing and underperformance of the competent state authorities for the railways is another example.  	Of course, every bourgeois party tries to cover up its complicity in the timeless crime. "," Αρνητικό είναι το πρόσημο σε όλες τις κρίσιμες παραμέτρους που αφορούν την ασφάλεια των μεταφορών  Η υποστελέχωση και η υποβαθμισμένη λειτουργία των αρμόδιων κρατικών αρχών για τους σιδηροδρόμους, είναι ένα ακόμα χαρακτηριστικό παράδειγμα  	Φυσικά κάθε αστικό κόμμα προσπαθεί να συγκαλύψει τη συνενοχή του στο διαχρονικό έγκλημα",accountability,,railway,,transport safety,-0.9,1.0,1.0,0.8,0.7,0.7,0.1,0.3,"[['transport safety', 'misc', '1.0'], ['railways', 'org', '1.0'], ['bourgeois party', 'org', '1.0']]","[['state authorities', 'organization', '0.8'], ['railways', 'organization', '0.5'], ['bourgeois party', 'political party', '0.9.']]"
24," SYRIZA continues to talk about the safety nets that existed until 2019 and were abolished by the Mitsotakis government and promotes as a salutary solution ""the use of the Recovery Fund to rebuild a public transport network and renegotiate contracts"".  The president of PASOK speaks openly about a return to the public sector, consolidation, and then privatisation with new conditions.  Varoufakis explained in his earlier interviews that he was in favour of private entry into OSE, because the Greek state did not have the capacity for investment... And in more recent ones, that he disagreed with the choice of the Italian company because it could not invest either... He needed, in other words, a different kind of successful privatisation.  None of them question the basic framework of EU commercialisation and liberalisation.  The tragedy of 2023 is therefore the essential result of the EU - Greek bourgeoisie policy on rail transport - freight, which all bourgeois governments have been implementing, with miraculous precision, throughout the previous period.  That is why the views on the supposed Greek specificity, or on the neoliberal dissonance of Greek railways against the ""European reality"" that is friendly to trains, simply lack seriousness. "," Ο ΣΥΡΙΖΑ εξακολουθεί να μιλά για τις δικλείδες ασφαλείας που υπήρχαν μέχρι το 2019 και κατάργησε η κυβέρνηση Μητσοτάκη και προβάλλει ως σωτήρια λύση «την αξιοποίηση του Ταμείου Ανάκαμψης για την ανάταξη ενός δημόσιου δικτύου μεταφορών και για επαναδιαπραγμάτευση των συμβάσεων»  Ο πρόεδρος του ΠΑΣΟΚ μιλά απροκάλυπτα για επιστροφή στο δημόσιο, εξυγίανση, και στη συνέχεια ιδιωτικοποίηση με νέους όρους  Ο Βαρουφάκης στις παλαιότερες συνεντεύξεις του, εξηγούσε ότι τάχθηκε υπέρ της εισόδου ιδιωτών στον ΟΣΕ, γιατί το ελληνικό κράτος δεν είχε τις δυνατότητες για επενδύσεις… Και στις πιο πρόσφατες, ότι διαφωνούσε με την επιλογή της ιταλικής εταιρείας γιατί επίσης δεν μπορούσε να κάνει επενδύσεις… Χρειαζόταν, με άλλα λόγια, μια διαφορετική πετυχημένη ιδιωτικοποίηση  Κανείς τους δεν αμφισβητεί το βασικό πλαίσιο της εμπορευματοποίησης και της απελευθέρωσης της ΕΕ  Η τραγωδία του 2023 είναι επομένως το ουσιαστικό αποτέλεσμα της πολιτικής ΕΕ – ελληνικής αστικής τάξης για σιδηροδρομικές μεταφορές – εμπόρευμα, που υλοποιούν, με θαυμαστή ακρίβεια, όλες οι αστικές κυβερνήσεις όλη την προηγούμενη περίοδο  Γι’ αυτό και οι απόψεις για τάχα ελληνική ιδιαιτερότητα, ή για την νεοφιλελεύθερη παραφωνία των Ελληνικών σιδηροδρόμων κόντρα στην “ευρωπαϊκή πραγματικότητα” που είναι φιλική με τα τρένα, απλά, στερούνται σοβαρότητας",privatization,,privatization of public goods,,greek railways,0.0,0.2,0.3,0.3,0.4,0.3,0.0,0.0,"[['syriza', 'organization', '1.0'], ['mitsotakis', 'person', '1.0'], ['recovery fund', 'organization', '1.0'], ['pasok', 'organization', '1.0'], ['varoufakis', 'person', '1.0'], ['greek', 'nationality', '1.0'], ['ose', 'organization', '1.0'], ['italian', 'nationality', '1.0'], ['eu', 'organization', '1.0']]","[['syriza', 'organization', '1.0'], ['mitsotakis', 'person', '1.0'], ['pasok', 'political party', '1.0'], ['varoufakis', 'person', '1.0'], ['ose', 'organization', '1.0'], ['greek', 'country', '1.0'], ['italian', 'country', '1.0'], ['eu', 'organization', '1.0'], ['2023', 'date', '1.0']]"
25,"  What all of the above proves.  They prove that as long as we move on the rails of capitalist profit and the state hostile to the people, there is no lesser evil.  We're going from bad to worse.  This is the unpopular direction defined by the EU's policy of ""liberalisation"" and the strategy of capital, which is currently agreed upon by the New Democracy, SYRIZA, PASOK, MERA25, all the parties of the system.  That is why there is no room for any more illusions. ","  Τι αποδεικνύουν όλα όσα προαναφέραμε  Αποδεικνύουν ότι όσο κινούμαστε στις ράγες του καπιταλιστικού κέρδους και του εχθρικού για το λαό κράτους, δεν υπάρχει μικρότερο κακό  Θα πηγαίνουμε απ’  το κακό στο χειρότερο  Σε αυτή την αντιλαϊκή κατεύθυνση που καθορίζει η πολιτική “απελευθέρωσης” της ΕΕ και η στρατηγική του κεφαλαίου, συμφωνούν σήμερα ΝΔ, ΣΥΡΙΖΑ, ΠΑΣΟΚ, ΜΕΡΑ25, όλα τα κόμματα του συστήματος  Για αυτό δεν υπάρχουν περιθώρια για άλλες αυταπάτες",economy,,other,,capitalism,-0.9,1.0,0.2,0.7,0.4,0.2,0.25,0.0,"[['capitalist', 'organization', '0.8'], ['state', 'organization', '0.6'], ['eu', 'organization', '0.8'], ['new democracy', 'organization', '0.6'], ['syriza', 'organization', '0.6'], ['pasok', 'organization', '0.6'], ['mera25', 'organization', '0.6']]","[['new democracy', 'organization', '0.9'], ['syriza', 'political party', '0.9'], ['pasok', 'political party', '0.9'], ['mera25', 'political party', '0.9'], ['eu', 'organization', '0.8']]"
26," No one should be trapped again by the offer of phony salvation solutions, by a supposedly ""more progressive government"" the next day.  We will not be saved by a better privatisation, a supposedly stricter public control, nor by a ""re-nationalisation without compensation"".  As long as transport is a commodity and the railway companies operate within the capitalist economy, the situation cannot change radically, essentially.  	Even if the transport enterprises are owned by the capitalist state, they will operate for profit and in the strategic interests of the ruling class.  They will squeeze their workers, they will waste passengers, they will take security measures only on the basis of cost-benefit ratio for the company and the state.  Their very monopolistic nature says that if they don't do this, they will become loss-making, they will be damaging to working taxpayers and they will not be able to implement necessary projects. Even if we were to return to the era of the state monopoly, it would borrow, purchase equipment and contract out projects to groups, according to the laws of the capitalist market. "," Κανείς δεν πρέπει να παγιδευτεί ξανά από την προσφορά κάλπικων λύσεων σωτηρίας, από μία δήθεν “πιο προοδευτική κυβέρνηση” την επόμενη μέρα  Δεν θα μας σώσει μία καλύτερη ιδιωτικοποίηση, ένας δήθεν πιο αυστηρός δημόσιος έλεγχος, ούτε μία “επανακρατικοποίηση χωρίς αποζημίωση”  Όσο οι μεταφορές αποτελούν εμπόρευμα και οι σιδηροδρομικές επιχειρήσεις λειτουργούν μέσα στην καπιταλιστική  οικονομία, η κατάσταση δεν μπορεί να αλλάξει ριζικά, ουσιαστικά  	Ακόμα και αν ανήκουν οι επιχειρήσεις μεταφορών στο κράτος του κεφαλαίου, θα λειτουργούν με γνώμονα το κέρδος τους και τα στρατηγικά συμφέροντα της άρχουσας τάξης  Θα ξεζουμίζουν τους εργαζομένους τους, θα χαρατσώνουν τους επιβάτες, θα λαμβάνουν μέτρα ασφαλείας μόνο με κριτήριο τη σχέση κόστους-οφέλους για την επιχείρηση και το κράτος  Η ίδια η μονοπωλιακή τους φύση, λέει, ότι αν δεν το πράξουν αυτό, θα γίνουν ζημιογόνες, θα φορτώσουν ζημιές στους εργαζόμενους φορολογούμενους και δεν θα μπορούν να υλοποιήσουν αναγκαία έργα Ακόμα και αν επιστρέφαμε στην εποχή του κρατικού μονοπωλίου, αυτό θα δανειζόταν, θα προμηθευόταν εξοπλισμό και θα ανέθετε έργα σε ομίλους, σύμφωνα με τους νόμους της καπιταλιστικής αγοράς",privatization,,hospital privatization,,transport and railway companies,-0.5,0.9,0.2,0.25,0.5,0.7,0.0,0.0,"[['no', 'o', ''], ['phony salvation solutions', 'person', '0.4'], ['more progressive government', 'organization', '0.4'], ['privatisation', 'o', ''], ['public control', 'o', ''], ['re-nationalisation without compensation', 'o', ''], ['transport', 'o', ''], ['railway companies', 'organization', '0.5'], ['capitalist economy', 'o', ''], ['capitalist state', 'organization', '0.5'], ['ruling class', 'o', ''], ['workers', 'o', ''], ['passengers', 'o', ''], ['security measures', 'o', ''], ['company', 'o', ''], ['monopolistic nature', 'o', ''], ['loss-making', 'o', ''], ['working taxpayers', 'o', ''], ['era', 'o', ''], ['state monopoly', 'organization', '0.5'], ['equipment', 'o', ''], ['contract', 'o', ''], ['capitalist market', 'o.']]",[]
27," The new projects and the development of the railways would again be carried out according to the priorities and objectives of the ruling social class.  This proposal, which promises supposedly pro-people's management of transport under capitalism, not only fails to illuminate, but obscures the need to open the road to reversal.  Not only does it not help, but it undermines the concentration of forces against the real opponent, capital and its state. "," Τα νέα έργα και η ανάπτυξη των σιδηροδρόμων, θα γινόταν και πάλι, σύμφωνα με τις  προτεραιότητες και τους στόχους της άρχουσας κοινωνικής τάξης  Αυτή η πρόταση που υπόσχεται δήθεν φιλολαϊκή διαχείριση των μεταφορών στον καπιταλισμό, όχι μόνο δεν φωτίζει, αλλά συσκοτίζει την ανάγκη να ανοίξει ο δρόμος της ανατροπής  Όχι μόνο δεν βοηθά, αλλά υπονομεύει τη συγκέντρωση δυνάμεων απέναντι στον πραγματικό αντίπαλο, το κεφάλαιο και το κράτος του",privatization,,working class,,transportation railways,-0.8,0.9,0.7,0.7,0.3,0.9,0.0,0.1,"[['none', 'as there are no specific named entities mentioned in the text.']]","[['ruling social class', 'group of people', '0.90'], ['capitalism', 'organization', '0.60'], ['capital', 'organization', '0.60'], ['state', 'organization', '0.60']]"
28," The social character of rail transport is not possible if the construction of the works, the production of lines and rolling stock, the energy industry, and the construction of the works are not social in nature.  The social character of rail transport is not possible if its ""competitors"", air, sea and road transport, do not have a social character. 	That is why the KKE is not fighting the battle against the policy of liberalisation and commercialisation, under the banner of yesterday, of the return to the state monopoly of the dictatorship of capital, but under the banner of their socialisation, with the working class, the people at the helm of power. Universal, safe, safe, quality and cheap transport and public transport for the people can only be guaranteed by the new social system, socialism.  On the ground of social property, transport ceases to be a commodity and is enshrined as a social right. "," Δεν είναι δυνατός ο κοινωνικός χαρακτήρας των σιδηροδρομικών μεταφορών, όταν δεν έχει κοινωνικό χαρακτήρα η κατασκευή των έργων, η παραγωγή γραμμών και τροχαίου υλικού, η βιομηχανία ενέργειας  Δεν είναι δυνατός ο κοινωνικός χαρακτήρας των σιδηροδρομικών μεταφορών, αν δεν έχουν κοινωνικό χαρακτήρα οι «ανταγωνιστές» του, οι αεροπορικές μεταφορές, οι θαλάσσιες και οι οδικές μεταφορές 	Γι’ αυτό και το ΚΚΕ, δεν δίνει τη μάχη, ενάντια στην πολιτική της απελευθέρωσης και της εμπορευματοποίησης, με τη σημαία του χτες, της επιστροφής στο κρατικό μονοπώλιο της δικτατορίας του κεφαλαίου αλλά με τη σημαία της κοινωνικοποίησής τους, με την εργατική τάξη, το λαό στο τιμόνι της εξουσίας Καθολικές, ασφαλείς, ποιοτικές και φθηνές μεταφορές και συγκοινωνίες για το λαό μπορεί να διασφαλίσει μόνο το νέο κοινωνικό σύστημα, ο σοσιαλισμός  Πάνω στο έδαφος της κοινωνικής ιδιοκτησίας, οι μεταφορές παύουν να αποτελούν εμπόρευμα και κατοχυρώνονται ως κοινωνικό δικαίωμα",other,,railway,,rail transport's social character,0.0,0.95,0.5,0.2,0.0,0.9,0.0,0.0,"[['kke', 'organization', '1.0'], ['air', 'transport', '1.0'], ['sea', 'transport', '1.0'], ['road', 'transport', '1.0'], ['socialisation', 'concept', '1.0'], ['working class', 'group', '1.0'], ['people', 'group', '1.0'], ['power', 'concept', '1.0'], ['universal', 'transport service', '1.0'], ['safe', 'transport feature', '1.0'], ['quality', 'transport feature', '1.0'], ['cheap', 'transport feature', '1.0'], ['social system', 'concept', '1.0'], ['socialism', 'concept', '1.0'], ['social property', 'concept', '1.0'], ['commodity', 'concept', '1.0'], ['social right', 'concept', '1.0']]","[['rail transport', 'organization', '0.7'], ['kke', 'political party', '0.9'], ['dictatorship of capital', 'group of people', '0.6'], ['working class', 'group of people', '0.6'], ['people', 'group of people', '0.6'], ['socialism', 'organization', '0.5']]"
29," For in this higher organisation of society, the purpose of production and the role of the workers are changed.  The aim is no longer profit, but the combined satisfaction of all the needs of the people, which are expanding.  And employees play an active role in making and controlling decisions every day. "," Γιατί σ’ αυτή την ανώτερη οργάνωση της κοινωνίας, αλλάζει και ο σκοπός της παραγωγής και ο ρόλος των εργαζόμενων  Σκοπός δεν είναι πια το κέρδος, αλλά η συνδυασμένη ικανοποίηση του συνόλου των λαϊκών αναγκών που διευρύνονται  Και οι εργαζόμενοι παίζουν καθημερινά ενεργό ρόλο στη λήψη και στον έλεγχο των αποφάσεων",other,,economic equity,,socialism,0.9,0.2,0.0,0.0,0.0,0.0,0.0,0.0,"[['society', 'organisation', 'type', '0.898'], ['production', 'type', '0.680'], ['workers', 'type', '0.978'], ['people', 'type', '0.882'], ['employees', 'type', '0.936']]","[['society', 'organization', '0.75'], ['workers', 'group of people', '0.6'], ['people', 'group of people', '0.6'], ['employees', 'group of people', '0.6']]"
30," This is why the single scientific central planning of production and the economy in general can be implemented in this way.  Only in this framework, the unified state transport body will be able to plan, develop and implement an integrated system of combined transport, based on the expanded satisfaction of all working people's needs. 	First and foremost, the possibility of a unified nationwide planning of the economy, based on the needs of the working people, will be directly reflected in the planning and priorities of the transport networks.  This is the only way to put an effective end to the current reality of the development and exploitation of transport networks according to the needs of one or the other part of capital at the expense of society. 	The social ownership of land and the criterion of balanced development can allow the location of all the necessary technical infrastructure works: from the appropriate lines, maintenance facilities and stations, according to scientific criteria and not on the basis of contradictions or the increase in profit of one or the other.  	The central planning of the economy, on the basis of social ownership of the concentrated means of production, will give priority to mass fixed-track transport for the continental part of the country. 	Transport planning will be based on the interconnected and complementary action of all modes of transport.  Aiming at fast and cheap movement of people and goods, energy saving and environmental protection, planned development to eliminate regional asymmetry, full control of the defence and security of a truly workers-people's state.   	The elimination of competition between groups will allow the best way and the best transport mix to be calculated each time. "," Γι’ αυτό και μπορεί να υλοποιηθεί έτσι ο ενιαίος επιστημονικός κεντρικός σχεδιασμός της παραγωγής και της οικονομίας γενικότερα  Μόνο σε αυτό το πλαίσιο, ο ενιαίος κρατικός φορέας μεταφορών θα μπορεί να σχεδιάσει, να αναπτύξει, να υλοποιήσει ένα ολοκληρωμένο σύστημα συνδυασμένων μεταφορών,  με κριτήριο τη διευρυμένη ικανοποίηση του συνόλου των εργατικών λαϊκών αναγκών 	Πρώτα και κύρια, η δυνατότητα ενιαίου πανεθνικού σχεδιασμού της οικονομίας, με κριτήριο τις ανάγκες του εργαζόμενου λαού, θα αποτυπώνεται άμεσα στο σχεδιασμό και στις προτεραιότητες  των μεταφορικών δικτύων  Μόνο έτσι, μπορεί να μπει ουσιαστικό τέλος στην σημερινή πραγματικότητα, ανάπτυξης και αξιοποίησης των μεταφορικών δικτύων με κριτήριο τις ανάγκες της μιας ή της άλλης μερίδας του κεφαλαίου σε βάρος της κοινωνίας 	Η κοινωνική ιδιοκτησία της γης και το κριτήριο της ισόμετρης ανάπτυξης, μπορεί να  επιτρέπει την χωροθέτηση όλων των αναγκαίων τεχνικών έργων υποδομής: από τις κατάλληλες γραμμές,  τις εγκαταστάσεις συντήρησης και τους σταθμούς, με επιστημονικά κριτήρια και όχι με κριτήριο τις αντιθέσεις ή την αύξηση του κέρδους του ενός ή του άλλου  	Ο κεντρικός σχεδιασμός της οικονομίας, στη βάση της κοινωνικής ιδιοκτησίας των συγκεντρωμένων μέσων παραγωγής, θα δίνει προτεραιότητα στις μαζικές μεταφορές της σταθερής τροχιάς για το ηπειρωτικό τμήμα της χώρας 	Ο σχεδιασμός των μεταφορών θα γίνεται με κριτήριο τη διασυνδεδεμένη και συμπληρωματική δράση όλων των μορφών μεταφοράς  Με στόχο τη γρήγορη και φτηνή μετακίνηση προσώπων και προϊόντων, την εξοικονόμηση ενέργειας και προστασία του περιβάλλοντος, τη σχεδιασμένη ανάπτυξη για εξάλειψη της περιφερειακής ανισομετρίας, τον πλήρη έλεγχο της άμυνας και ασφάλειας ενός πραγματικά εργατικού- λαϊκού κράτους   	Η εξάλειψη του  ανταγωνισμού των ομίλων, θα επιτρέψει να υπολογίζεται, κάθε φορά όσο καλύτερα γίνεται, ο βέλτιστος τρόπος και το βέλτιστο μίγμα μεταφορών",economy,,other,,transport planning,0.0,0.2,0.5,0.1,0.5,0.8,0.0,0.0,[],"[['working people', 'group of people', '0.75'], ['unified state transport body', 'organization', '0.7'], ['society', 'group of people', '0.5'], ['social ownership of land', 'organization', '0.6'], ['concentrated means of production', 'organization', '0.6'], ['continental part of the country', 'location', '0.6'], ['environment', 'location', '0.5'], [""workers-people's state"", 'political party', '0.7']]"
31," When designing and implementing an infrastructure project, future social needs and potential will be taken into account, all measures for overall savings will be taken.  	This enormous potential of the Socialist system is one of the aspects of its superiority over the capitalist system.  	For an example of what a capitalist system means, we need only cite a typical example: Listen to this: a bridge worth billions was built, to which no railway infrastructure was added, which would have cost only 5% more.  Not because of a mistake - watch out - but because the group that manages the bridge wanted to ""torpedo"" competition with other road transport groups in perpetuity. "," Κατά το σχεδιασμό και την υλοποίηση ενός έργου υποδομής, θα υπολογίζονται οι μελλοντικές κοινωνικές ανάγκες και δυνατότητες, θα λαμβάνονται όλα τα μέτρα συνολικής εξοικονόμησης πόρων  	Αυτή η τεράστια δυνατότητα του σοσιαλιστικού συστήματος, είναι μια από τις πλευρές υπεροχής  σε σχέση με το καπιταλιστικό σύστημα  	Για το τι σημαίνει καπιταλιστικό σύστημα, αρκεί να  φέρουμε ένα χαρακτηριστικό παράδειγμα: Ακούστε το:	Κατασκευάστηκε μια γέφυρα δισεκατομμυρίων, στην οποία δεν προστέθηκε υποδομή για σιδηρόδρομο, που θα κόστιζε μόλις 5% παραπάνω  Όχι λόγω λάθους - προσέξτε - αλλά γιατί ο όμιλος που διαχειρίζεται τη γέφυρα, ήθελε να “τορπιλίσει” τον ανταγωνισμό με άλλους ομίλους στις οδικές μεταφορές, στο διηνεκές",infrastructure,,other,,infrastructure projects,-0.4,0.8,0.1,0.5,0.2,0.5,0.0,0.1,[],"[['socialist system', 'organization', '0.9'], ['capitalist system', 'organization', '0.8'], ['railway infrastructure', 'organization', '0.6'], ['bridge', 'location', '0.7'], ['road transport groups', 'group of people', '0.6.']]"
32,"The necessary construction projects, large and small scale, to be implemented and planned in cooperation with the single state construction agency.  This is our proposal.  Thus achieving maximum economy of human and other resources, minimising costs and impact on the natural environment, sharing infrastructure.  In absolute contrast to the current, literally murderous reality, where the competition between groups for the implementation of projects even leads to the halting of projects that could play a catalytic role in security.  The development of the railways, from rails to wagons, engines and control and telecommand systems, will rely on the productive capacities of manufacturing, especially heavy industry.  And at the same time, they will contribute to the development of new technical solutions and new production capabilities.  The dialectical development of the transport industry and the transport and metal production industry, within the framework of the scientific central plan and labour control, leads at the same time to a minimisation of social costs and at the same time to an increase in the productive potential of the respective industry.  The metal industry, will produce rails and metals for rolling stock.  The transport industry will produce wagons.  The electronics industry will produce remote management systems. ","Τα αναγκαία κατασκευαστικά έργα, μεγάλης και μικρής κλίμακας, να υλοποιούνται και να σχεδιάζονται σε συνεργασία με τον ενιαίο κρατικό φορέα κατασκευών  Αυτή είναι η δική μας πρόταση  Επιτυγχάνοντας, έτσι, μέγιστη οικονομία ανθρώπινων και άλλων πόρων, ελαχιστοποίηση του κόστους και της επίδρασης στο φυσικό περιβάλλον, κοινή χρήση υποδομών  Σε απόλυτη αντιδιαστολή με την σημερινή, κυριολεκτικά δολοφονική πραγματικότητα, όπου οι ανταγωνισμοί μεταξύ ομίλων για την υλοποίηση των έργων, οδηγούν μέχρι και στο σταμάτημα έργων που θα μπορούσαν να παίξουν καταλυτικό ρόλο στην ασφάλεια  Η ανάπτυξη των σιδηροδρομικών μέσων, απ’ τις ράγες μέχρι τα βαγόνια, τους κινητήρες και τα συστήματα ελέγχου και τηλεδιοίκησης, θα βασιστούν στις παραγωγικές ικανότητες της μεταποίησης, ειδικά της βαριάς βιομηχανίας  Και την ίδια στιγμή, θα συμβάλλουν στην ανάπτυξη νέων τεχνικών λύσεων και νέων παραγωγικών δυνατοτήτων  Η διαλεκτική ανάπτυξη της βιομηχανίας μεταφορών και της βιομηχανίας παραγωγής μεταφορικών μέσων και μετάλλου, μέσα στο πλαίσιο του επιστημονικού κεντρικού σχεδίου και του εργατικού ελέγχου, οδηγεί ταυτόχρονα, σε ελαχιστοποίηση των κοινωνικών δαπανών και παράλληλα σε εκτίναξη των παραγωγικών δυνατοτήτων της αντίστοιχης βιομηχανίας  Η βιομηχανία μετάλλου, θα παράγει ράγες και μέταλλα για το τροχαίο υλικό  Η βιομηχανία μεταφορικών μέσων θα παράγει βαγόνια  Η βιομηχανία ηλεκτρονικών θα παράγει συστήματα τηλεδιοίκησης",infrastructure,,railway,,construction projects,0.0,0.2,0.0,0.1,0.0,0.2,0.0,0.0,"[['state construction agency', 'organization', '1.0'], ['railways', 'facility', '1.0'], ['manufacturing', 'industry', '1.0'], ['heavy industry', 'industry', '1.0'], ['transport industry', 'industry', '1.0'], ['metal production industry', 'industry', '1.0'], ['scientific central plan', 'organization', '1.0'], ['labour control', 'organization', '1.0'], ['metal industry', 'industry', '1.0'], ['electronics industry', 'industry', '1.0']]","[['state construction agency', 'organization', '1.0'], ['group', 'group of people', '1.0'], ['competition', 'group of people', '0.8'], ['railways', 'location', '1.0'], ['manufacturing', 'organization', '1.0'], ['heavy industry', 'organization', '1.0'], ['transport industry', 'organization', '1.0'], ['metal production industry', 'organization', '1.0'], ['scientific central plan', 'organization', '1.0'], ['labour control', 'organization', '1.0'], ['metal industry', 'organization', '1.0'], ['electronics industry', 'organization', '1.0']]"
33," And all this, with the aim of achieving maximum social savings.  The anarchy of the capitalist market, the different interests of each section of capital, is unable both to design and to work out such a solution, which is the only one that can come much closer to the socially optimal. 		Transport can only function as a whole with this character, only with the parallel domination of social property, central planning and workers' control over the whole of the centralised means of production. A prerequisite for the realisation of transport development objectives is the planning of the relevant infrastructure - ports, airports, railway stations, roads - and the transport industry.  The same applies to telecommunications, the processing of raw materials, the industrial manufacturing sectors, particularly in the production of machinery. 	The scientific central planning and the criterion of satisfying the needs of the people translates into absolute priority in safety measures, for the staff and for the passengers transported.  The system in which the KKE will be present in power, in governance, does not value human lives in euros.  Labour governance implements all the necessary measures, intrinsic safety measures, staff training measures, technical measures and solutions to ensure the minimisation of accidents, based on the capabilities of our time.   	Several people wonder if all this can be done. "," Κι όλα αυτά, με στόχο τη μέγιστη δυνατή κοινωνική εξοικονόμηση πόρων  Η αναρχία της καπιταλιστικής αγοράς, τα διαφορετικά συμφέροντα κάθε τμήματος του κεφαλαίου, αδυνατεί τόσο να σχεδιάσει, όσο και να εκπονήσει μια τέτοια λύση, η οποία είναι η μοναδική που μπορεί να προσεγγίσει πολύ περισσότερο το κοινωνικά βέλτιστο 		Οι μεταφορές, μπορούν να λειτουργήσουν συνολικά με αυτό το χαρακτήρα, μόνο με την παράλληλη κυριαρχία της κοινωνικής ιδιοκτησίας, του κεντρικού σχεδιασμού και του εργατικού ελέγχου στο σύνολο των συγκεντρωμένων μέσων παραγωγής Προϋπόθεση για την πραγματοποίηση των στόχων στην ανάπτυξη των μεταφορών, είναι ο σχεδιασμός των ανάλογων υποδομών - λιμάνια, αεροδρόμια, σιδηροδρομικοί σταθμοί, οδικοί άξονες- και της βιομηχανίας παραγωγής μεταφορικών μέσων  Το ίδιο αφορά τις τηλεπικοινωνίες, την επεξεργασία πρώτων υλών, τους βιομηχανικούς κλάδους μεταποίησης, ιδιαίτερα στην παραγωγή μηχανημάτων 	Ο επιστημονικός κεντρικός σχεδιασμός και το κριτήριο ικανοποίησης των λαϊκών αναγκών, μεταφράζεται σε απόλυτη προτεραιότητα σε μέτρα ασφάλειας, για το προσωπικό και για τους μεταφερόμενους επιβάτες  Το σύστημα στο οποίο το ΚΚΕ θα δώσει το παρόν στην εξουσία, στην διακυβέρνηση, δεν αποτιμά  τις ανθρώπινες ζωές με ευρώ  Η εργατική εξουσία- διακυβέρνηση, υλοποιεί το σύνολο των απαιτούμενων μέτρων, μέτρων εγγενούς ασφάλειας, μέτρων εκπαίδευσης του προσωπικού, τεχνικών μέτρων και λύσεων, ώστε να διασφαλίσει την ελαχιστοποίηση ατυχημάτων, με κριτήριο τις δυνατότητες της εποχής μας   	Αρκετοί αναρωτιούνται αν μπορούν να γίνουν όλα αυτά",other,,other,,transport and infrastructure planning,,0.15,0.2,0.2,0.0,0.2,0.0,0.0,"[['capitalist market', 'organization', '0.65'], ['capital', 'organization', '0.4'], ['transport', 'organization', '0.75'], ['social property', 'organization', '0.6'], ['central planning', 'organization', '0.6'], [""workers' control"", 'organization', '0.6'], ['means of production', 'product', '0.6'], ['transport infrastructure', 'product', '0.6'], ['ports', 'infrastructure', '0.6'], ['airports', 'infrastructure', '0.6'], ['railway stations', 'infrastructure', '0.6'], ['roads', 'infrastructure', '0.6'], ['telecommunications', 'product', '0.6'], ['raw materials', 'product', '0.6'], ['industrial manufacturing sectors', 'product', '0.6'], ['machinery', 'product', '0.6'], ['kke', 'organization', '0.6'], ['safety measures', 'product', '0.6'], ['staff', 'person', '0.6'], ['passengers', 'person', '0.6'], ['labour governance', 'organization', '0.6']]","[['kke', 'organization', '1.0'], ['labour governance', 'organization', '1.0'], ['several people', 'group of people', '0.7'], ['ports', 'location', '1.0'], ['airports', 'location', '1.0'], ['railway stations', 'location', '1.0'], ['roads', 'location', '1.0'], ['machinery', 'organization', '0.8']]"
34," The study of the historical experience of the first attempt at socialist construction in the previous century, with great limitations, of course, compared to the present level of development of the relevant technology and infrastructure, helps us to answer.  For example, the achievements concerning the restoration of the damaged railway lines from the First World War and the civil war, the conversion of the main lines to electrification, the development of new types of traction engines and communication systems, the rapid development of the network before the second five-year plan of central planning in the then Soviet Union was completed, are not even questioned by serious bourgeois analysts.  	The serious effort to upgrade transport safety also.  This obviously does not mean that there were no accidents, breakdowns, handling errors and material failures in the Soviet Union or in other countries.  Particularly in the first years of socialist construction and in the last decades of their existence, under the negative influence of the prevalence of ""socialism with market"" and other mistakes and weaknesses, which finally opened the way to the victory of the counter-revolution, marking a major setback.  However, its superiority over capitalism is reflected in the frequency and severity of accidents, in relation to the length and number of railway lines and the volume of transport work.   		There is the counterargument of possible ""withholding of evidence"". "," Η μελέτη της ιστορικής πείρας της πρώτης απόπειρας σοσιαλιστικής οικοδόμησης τον προηγούμενο αιώνα, με μεγάλους βέβαια περιορισμούς, συγκριτικά με το σημερινό επίπεδο ανάπτυξης της σχετικής τεχνολογίας και υποδομής, μάς βοηθά να απαντήσουμε  Για παράδειγμα, τα επιτεύγματα σχετικά με την αποκατάσταση των κατεστραμμένων σιδηροδρομικών γραμμών απ’ τον Πρώτο Παγκόσμιο Πόλεμο και τον εμφύλιο πόλεμο, η μετατροπή των κύριων γραμμών σε ηλεκτροκίνητες, η ανάπτυξη νέων τύπων μηχανών έλξης και συστημάτων επικοινωνίας, η γρήγορη ανάπτυξη του δικτύου, πριν ολοκληρωθεί το δεύτερο πεντάχρονο πλάνο του κεντρικού σχεδιασμού στην τότε Σοβιετική Ένωση, δεν αμφισβητούνται ούτε από τους σοβαρούς αστούς αναλυτές  	Η σοβαρή προσπάθεια αναβάθμισης της ασφάλειας των μεταφορών επίσης  Αυτό, προφανώς δεν σημαίνει, ότι δεν σημειώθηκαν ατυχήματα, βλάβες, λάθη χειρισμού και αστοχίες υλικών στην Σοβιετική Ένωση ή σε άλλες χώρες  Ιδιαίτερα τα πρώτα χρόνια της σοσιαλιστικής οικοδόμησης αλλά και τις τελευταίες δεκαετίες ύπαρξής τους, κάτω απ’ την αρνητική επίδραση της επικράτησης του “σοσιαλισμού με αγορά” και άλλα λάθη και αδυναμίες, που άνοιξε το δρόμο τελικά και στη νίκη της αντεπανάστασης, σημειώνοντας ένα μεγάλο πισωγύρισμα  Ωστόσο, η υπεροχή έναντι του καπιταλισμού, αποτυπώνεται στη συχνότητα και σοβαρότητα των ατυχημάτων, σε σχέση με το μήκος και το πλήθος των σιδηροδρομικών γραμμών και τον όγκο του μεταφορικού έργου   		Υπάρχει ο αντίλογος της πιθανής «απόκρυψης στοιχείων»",other,,other,,transportation in soviet union,0.0,0.2,0.0,0.05,0.2,0.1,0.0,0.0,"[['soviet union', 'location', '1.0'], ['first world war', 'event', '1.0'], ['civil war', 'event', '1.0'], ['five-year plan', 'concept', '1.0'], ['transport safety', 'concept', '1.0'], ['capitalism', 'concept', '1.0']]","[['soviet union', 'country', '1.0'], ['first world war', 'event', '0.9'], ['civil war', 'event', '0.9'], ['second five-year plan', 'event', '0.9'], ['socialist construction', 'organization', '0.6'], ['counter-revolution', 'organization', '0.6']]"
35," Could many large-scale accidents on the trans-Siberian railway that crosses 1/3 of the planet be concealed? 	One does not need special theoretical and historical knowledge to understand the superiority for the protection of health and safety of a higher organisation of society that plans uniformly for all social needs, compared to capitalism. 	This solution, with the study of historical experience, which ensures modern and safe transport for the people, is illuminated by the KKE in its subversive power-governance programme. 	Of course we do not passively wait for some time in the future when it will be implemented. "," Θα μπορούσαν άραγε να συγκαλυφθούν πολλά ατυχήματα μεγάλης έκτασης στον υπερσιβηρικό σιδηρόδρομο που διασχίζει το 1/3 του πλανήτη 	Δεν χρειάζεται να έχει κανείς ιδιαίτερες θεωρητικές και ιστορικές γνώσεις, για να αντιληφθεί την υπεροχή για την προστασία της υγείας και της ασφάλειας, μιας ανώτερης οργάνωσης της κοινωνίας που σχεδιάζει ενιαία με γνώμονα το σύνολο των κοινωνικών αναγκών, συγκριτικά με τον καπιταλισμό 	Αυτή τη λύση, με την μελέτη και της ιστορικής πλέον πείρας, η οποία διασφαλίζει σύγχρονες και ασφαλείς μεταφορές για το λαό, φωτίζει με το ανατρεπτικό του Πρόγραμμα εξουσίας – διακυβέρνησης το ΚΚΕ 	Φυσικά δεν περιμένουμε παθητικά κάποια στιγμή που αυτή θα υλοποιηθεί στο μέλλον",other,,railway,,trans-siberian railway accidents,0.0,0.8,0.5,0.7,0.7,0.7,0.2,0.0,"[['trans-siberian railway', 'facility', '0.65'], ['kke', 'organization', '0.75']]","[['trans-siberian railway', 'location', '0.9'], ['kke', 'political party', '0.8']]"
36," Every day we are in front of the struggles that pave the way for a revolution.  We are ahead in the struggles against the dangerous liberalisation policy of the EU.  We are ahead in the struggles for immediate recruitment of permanent staff now, for substantial training of workers, for substantial increases with 35-hour - 5-days - 7-hour, for the maintenance and modernization of technological equipment and infrastructure, for the operation of an integrated transport safety system. "," Είμαστε καθημερινά μπροστά στους αγώνες που ανοίγουν το δρόμο της ανατροπής  Είμαστε μπροστά στους αγώνες ενάντια στην επικίνδυνη πολιτική απελευθέρωσης της ΕΕ  Είμαστε μπροστά στους αγώνες για άμεσες προσλήψεις μόνιμου προσωπικού τώρα, για ουσιαστική εκπαίδευση των εργαζόμενων, για ουσιαστικές αυξήσεις με 35ωρο – 5μερο – 7ωρο, για την συντήρηση και τον εκσυγχρονισμό του τεχνολογικού εξοπλισμού και την υποδομή, για την λειτουργία ολοκληρωμένου συστήματος ασφάλειας στις μεταφορές",employment,,other,,struggles or activism,0.7,0.3,0.0,0.0,0.0,0.2,0.0,0.0,"[['eu', 'org', '0.8'], ['35-hour - 5-days - 7-hour', 'misc', '0.6']]","[['eu', 'organization', '0.8'], ['35-hour - 5-days - 7-hour', 'date', '0.8']]"
37,"	We call on all of you to join with the KKE to organize the great popular counter-offensive against the real opponent of the Greek people and youth, the ruling class, its state, the governments and the parties that serve it.  To convict all political accomplices for the crime of Tempi, all accomplices for the theft of our income, the levelling of our rights, the constant crimes concerning our health and safety.  To condemn those who ruled and are ruling the country and to strengthen the KKE, the only real popular opposition. 	To gain the life we deserve we must lose capital.  There is no other way out than the path of subversion. ","	Σας καλούμε όλους και όλες, να συμπορευτείτε με το ΚΚΕ για να οργανωθεί η μεγάλη λαϊκή αντεπίθεση απέναντι στον πραγματικό αντίπαλο του ελληνικού λαού και της νεολαίας, την άρχουσα τάξη, το κράτος της, τις κυβερνήσεις και τα κόμματα που την υπηρετούν  Να καταδικασθούν όλοι οι πολιτικοί συνένοχοι για το έγκλημα των Τεμπών, όλοι οι συνένοχοι για την κλοπή του εισοδήματός μας, την ισοπέδωση των δικαιωμάτων μας, τα διαρκή εγκλήματα που αφορούν την υγεία και την ασφάλεια μας  Να καταδικασθούν όσοι κυβέρνησαν και κυβερνούν τη χώρα και να ενισχυθεί το ΚΚΕ η μόνη πραγματική λαϊκή αντιπολίτευση 	Για να κερδίσουμε τη ζωή που μας αξίζει πρέπει να χάσει το κεφάλαιο  Δεν υπάρχει άλλη διέξοδος, απ’ το δρόμο της ανατροπής",political parties,,working class,,counter-offensive,-0.9,0.93,0.9,0.85,0.7,0.9,0.9,0.1,"[['kke', 'organization', '1.0'], ['greek people', 'nationalities or religious or political groups', '1.0'], ['tempi', 'location', '1.0'], ['kke', 'organization', '1.0']]","[['kke', 'organization', '1.0'], ['greek people', 'group of people', '0.9'], ['youth', 'group of people', '0.9'], ['ruling class', 'group of people', '0.8'], ['state', 'organization', '0.8'], ['governments', 'organization', '0.6'], ['tempi', 'location', '0.8'], ['kke', 'organization', '1.0'], ['income', 'group of people', '0.6'], ['health', 'group of people', '0.6'], ['safety', 'group of people', '0.6'], ['country', 'location', '0.8'], ['kke', 'organization', '1.0'], ['capital', 'group of people', '0.6'], ['subversion', 'group of people', '0.6']]"
38," And we can open this road quickly if we believe in our own power.  That is why the KKE must be strengthened now.  Strong KKE everywhere and at the ballot box on 21 May.  	The stronger the KKE, the stronger the people the next day.  ATHENS 01/04/2023 THE PRESS OFFICE OF THE KEKE CE.  "," Και αυτό το δρόμο μπορούμε να τον ανοίξουμε γρήγορα αν πιστέψουμε στη δύναμη μας  Γι’ αυτό πρέπει να ενισχυθεί τώρα το ΚΚΕ  Ισχυρό ΚΚΕ παντού και στην κάλπη στις 21 Μάη  	Όσο πιο ισχυρό το ΚΚΕ, τόσο πιο ισχυρός ο λαός την επόμενη μέρα  ΑΘΗΝΑ 01/04/2023                                                  ΤΟ ΓΡΑΦΕΙΟ ΤΥΠΟΥ ΤΗΣ ΚΕ ΤΟΥ ΚΚΕ",elections,,other,,communist party (kke),0.6,0.1,0.0,0.0,0.0,0.6,0.0,0.0,"[['kke', 'org', '0.9'], ['athens', 'loc', '0.8'], ['press office of the keke ce', 'org', '0.6'], ['21 may', 'misc', '0.5']]","[['kke', 'political party', '1.0'], ['athens', 'location', '1.0'], ['01/04/2023', 'date', '1.0'], ['keke ce', 'organization', '1.0']]"
