id,text,text_el,topic,topic-other-context,subtopic,topic-open,sentiment,polarization,polarization-definition,toxicity,toxicity-definition,populism,populism-definition,hate speech,ner,ner-limited
1,"Good evening.  Friends, compañeras and comrades.  And from Serres. ",Καλησπέρα σας  Φίλες και φίλοι συντρόφισσες και σύντροφοι  Και από τις Σέρρες,other,other,other,greeting or salutation,0.0,0.0,0.0,0.0,0.1,0.0,0.0,0.0,"[['serres', 'location', '1.0']]","[['serres', 'location', '1.0']]"
2," We welcome first of all the magnificent mobilisations of the workers of our people, especially the youth, who these days have flooded the streets and squares of cities all over Greece.  We call on them to do the same tomorrow in the big pan-worker nationwide strike to deaden the workplaces, to close schools and colleges, to make the strike meetings and the days and catch a big inflated to submit.  We said it and we do it. "," Χαιρετίζουμε πρώτα από όλα τις μεγαλειώδεις κινητοποιήσεις των εργαζομένων του λαού μας, ιδιαίτερα της νεολαίας, που αυτές τις μέρες έχουν κατακλύσει τους δρόμους και τις πλατείες των πόλεων όλης της Ελλάδας  Το ίδιο τους καλούμε να κάνουν και αύριο στη μεγάλη πανεργατική πανελλαδική απεργία να νεκρώσουν τους χώρους δουλειάς, να κλείσουν σχολεία και σχολές, να κάνουν τις απεργιακές συγκεντρώσεις και τις µέρες και πιανουν ένα μεγάλο φουσκωμένο να υποβάλει  Το είπαμε και το κάνουμε πράξη",employment,employment,strikes,nationwide strike,0.5,0.9,0.0,0.2,0.2,0.7,0.2,0.0,"[['greece', 'location', '1.0'], ['youth', 'group', '0.9'], ['workers', 'group', '0.9'], ['schools', 'organization', '0.9'], ['colleges', 'organization', '0.9'], ['strike', 'event', '0.8']]","[['greece', 'location', '1.0'], ['youth', 'group of people', '0.8'], ['workers', 'group of people', '0.8'], ['schools', 'organization', '0.6'], ['colleges', 'organization', '0.6'], ['strike meetings', 'organization', '0.6'], ['nationwide strike', 'organization', '0.6'], ['political party (unspecified)', 'political party', '0.5'], ['people (referring to greeks)', 'group of people', '0.5']]"
3, We will not leave them on a bare branch this crime will not be forgotten this people.  This youth does not forget.  The crime in Tempe. , Δεν θα τους αφήσουμε σε χλωρό κλαρί το έγκλημα αυτό δεν θα ξεχαστεί αυτός ο λαός  Αυτή η νεολαία δεν ξεχνά  Το έγκλημα στα Τέμπη,other,other,other,crime,0.0,0.5,0.0,0.2,0.0,0.8,0.0,0.0,"[['tempe', 'location', '0.8']]","[['tempe', 'location', '0.6'], ['youth', 'group of people', '0.6']]"
4," It does not forget our 57 fellow human beings who lost their lives, who sacrificed themselves on the altar of the investors' profit on the altar of cost reduction for this hostile bourgeois state.  This multi-day struggle is the promising element of these.  Here of the day is.  Really the only colour in this blackness that exists here and which this rotten system gives us generously. "," Δεν ξεχνά τους 57 συνανθρώπους μας που έχασαν τη ζωή τους, που θυσιάστηκαν στο βωμό του κέρδους των επενδυτών στο βωμό της μείωσης του κόστους για το εχθρικό αυτό αστικό κράτος  Αυτός ο πολυήμερος αγώνας είναι το ελπιδοφόρο στοιχείο αυτών  Εδώ των ημερών είναι  Πραγματικά το μόνο χρώμα μέσα σε αυτή εδώ την μαυρίλα που υπάρχει και την οποία μας τη μοιράζει απλόχερα αυτό το σάπιο σύστημα",employment,corruption,cost of living,loss of life,-0.8,1.0,0.5,0.6,0.9,0.8,0.25,0.1,"[['57', 'cardinal', '0.8']]","[['1. human beings', 'group of people', '1.0'], ['2. investors', 'group of people', '0.6'], ['3. bourgeois state', 'organization', '0.7'], ['4. system', 'organization', '0.5']]"
5," The only hope is the struggles to change something.  These days we have only had a small taste of what the united people and youth can do when they take the situation into their own hands, when they organise themselves, when they discuss collectively in the streets of struggle, when they decide their demands, their slogans, their forms of struggle, when they create their own organs of struggle.  Where there are no.  When they walk side by side with the communists who, as always, this time we are in the front line, feeling our responsibility in these critical hours.  It's already a great victory. "," Η μόνη ελπίδα είναι οι αγώνες για να αλλάξει κάτι  Αυτές τις μέρες έχουμε πάρει μόνο μια μικρή γεύση του τι μπορεί να κάνει ο ενωμένος λαός και η νεολαία όταν παίρνουν την κατάσταση στα χέρια τους όταν οργανώνονται, συζητούν συλλογικά μέσα στους δρόμους του αγώνα, αποφασίζουν τα αιτήματά τους, τα συνθήματά τους, τις μορφές της πάλης τους, όταν δημιουργούν και τα δικά τους όργανα πάλης  Εκεί που δεν υπάρχουν  Όταν βαδίζουν πλάι πλάι με τους κομμουνιστές που όπως πάντα έτσι και αυτή τη φορά είμαστε στην πρώτη γραμμή, συναισθανόμενη την ευθύνη μας μέσα σ αυτές τις κρίσιμες ώρες  Είναι ήδη μια μεγάλη νίκη",political parties,other,youth,social activism,0.8,0.2,0.0,0.1,0.0,0.1,0.0,0.0,"[['none', 'none', 'none'], ['none', 'none', 'none'], ['none', 'none', 'none'], ['united', 'organization', '0.6149'], ['none', 'none', 'none'], ['youth', 'person', '0.9932'], ['none', 'none', 'none'], ['streets', 'location', '0.8903'], ['none', 'none', 'none'], ['demands', 'organization', '0.8467'], ['slogans', 'organization', '0.7593'], ['none', 'none', 'none'], ['communists', 'organization', '0.9797'], ['none', 'none', 'none'], ['front', 'organization', '0.9962']]","[['people', 'group', 'united people and youth', '0.8'], ['organization', 'communists', '0.7'], ['location', 'streets', '0.5'], ['political party', 'front line', '0.6']]"
6," The fact that thousands of people, mostly young people, have been baptised by fire.  Their participation in the movement.  They found in practice that there is another way than that of a passive spectator.  Around him. "," Το γεγονός ότι χιλιάδες άνθρωποι, κυρίως νέοι και νέες, πήραν το βάπτισμα του πυρός  Η συμμετοχής τους στο κίνημα  Διαπίστωσαν στην πράξη ότι υπάρχει και άλλος δρόμος από αυτόν ενός παθητικού θεατή  Γύρω του",other,other,youth,activism,0.5,0.2,0.0,0.1,0.0,0.2,0.0,0.0,"[['thousands', 'number', '0.8'], ['young people', 'person', '0.9'], ['fire', 'disaster', '0.6'], ['movement', 'organization', '0.7']]","[['thousands of people', 'group of people', '1.0'], ['young people', 'group of people', '0.8'], ['the movement', 'organization', '0.9'], ['passive spectator', 'group of people', '0.6']]"
7," Easy or disillusioned those who thought that within a few days the anger would subside.  The mobilisations will fade away and the issue will be forgotten, since, as they say, for better or worse, life goes on.  Those who have tried to bring the mobilisations to their own measures have failed.  To give them the content that they would like these mobilisations to have.  Either to talk in general about the bad country, as if we are all to blame and the victims of this policy together, or to talk only about the responsibilities of a minister, a government. As if the problem only started in the last few years.  Those who have tried to set up provocations to terrorize with dismissals, with arrests even of young children, to suppress the mobilizations with state violence, have also failed.  Nothing you want to catch from them. "," Εύκολη ή διαψευστεί όσοι υπολόγιζαν ότι μέσα σε λίγες μέρες η οργή θα καταλαγιάσει  Οι κινητοποιήσεις θα ξεφουσκώνουν και το θέμα θα ξεχαστεί, αφού όπως λένε καλώς ή κακώς η ζωή συνεχίζεται  Έχουν αποτύχει όσοι προσπάθησαν να φέρουν τις κινητοποιήσεις στα δικά τους μέτρα  Να τους αποδώσουν το περιεχόμενο που εκείνοι θα ήθελαν να έχουν αυτές τις κινητοποιήσεις  Είτε να μιλούν γενικά για την κακιά τη χώρα, λες και φταίμε όλοι και οι ίδιες και τα θύματα αυτής της πολιτικής από κοινού, είτε να μιλούν μόνο για τις ευθύνες ενός υπουργού, μιας κυβέρνησης Λες και το πρόβλημα ξεκίνησε μόνο τα τελευταία χρόνια  Έχουν αποτύχει και όσοι προσπάθησαν να στήσουν προβοκάτσιες να τρομοκρατήσουν με απολύσεις, με συλλήψεις ακόμα και μικρών παιδιών, να καταστείλουν τις κινητοποιήσεις με την κρατική βία  Τίποτα δεν θέλετε να πιάνει από αυτά",democracy,democracy,protest,mobilizations,-0.4,0.1,0.1,0.1,0.1,0.2,0.0,0.0,[],[]
8," It is no coincidence that the slogan chosen by the students, the workers here in Serres, in Serres, in Serres, in Serres, in Terres, the students, on the altar of profit, lives are lost because.  In both cases, in all cases, the hunt for profit, the logic of cost-benefit that cuts security measures, protection measures, maintenance of infrastructure by the state is what leads to tragedies for them, no matter how much the government of the New Democracy and the other parties that ruled want to muddy the waters somewhat, to throw the ball of responsibility to each other.  Or in a supposedly general systemic pathogenicity, disguising the real control, they will not succeed.  The culprit is the same person who has murdered dozens of delivery workers because they were working without protection measures and in highly intensive conditions.  The culprit is the same in both the picomex and the Farm and the Samina Express.  Both in Mati and Mandra. "," Δεν είναι τυχαίο το σύνθημα που επέλεξαν οι μαθητές και οι φοιτητές, οι εργαζόμενοι εδώ στις Σέρρες στις Σέρρες ο Βασίλης στα Τέμπη, οι φοιτητές στο βωμό του κέρδους χάνονται ζωές γιατί  Και στις 2 περιπτώσεις σε όλες τις περιπτώσεις το κυνήγι του κέρδους, η λογική του κόστους οφέλους που πετσοκόβει τα μέτρα ασφαλείας, τα μέτρα προστασίας, τη συντήρηση στις υποδομές από το κράτος είναι που οδηγεί σε τραγωδίες για αυτά, όσο και να θέλει η κυβέρνηση της Νέας Δημοκρατίας και τα άλλα κόμματα που κυβέρνησαν να θολώσουν κάπως τα νερά, να πετάξουν το μπαλάκι της ευθύνης ο ένας στον άλλον  Ή σε μια δήθεν γενική παθογένεια του συστήματος, συγκαλύπτοντας των πραγματικών έλεγχο, δεν θα τα καταφέρουν  Ο ένοχος είναι αυτός ο ίδιος που έχει δολοφονήσει δεκάδες εργαζόμενους ντελιβεράδες γιατί δούλευαν χωρίς μέτρα προστασίας και σε συνθήκες μεγάλης εντατικοποίησης  Ο ένοχος είναι ο ίδιος και στη ρικομέξ και στη Φάρμα και στο Εξπρές Σάμινα  Και στο Μάτι και στη Μάνδρα",infrastructure,other,other,profit-driven tragedies,-0.75,0.8,0.2,0.5,0.6,0.15,0.0,0.0,"[['serres', 'location', '5%'], ['terres', 'location', '5%'], ['new democracy', 'organization', '5%'], ['mati', 'location', '5%'], ['mandra', 'location', '5%']]","[['serres', 'location', '1.0'], ['terres', 'location', '0.5'], ['new democracy', 'political party', '1.0'], ['mati', 'location', '1.0'], ['mandra', 'location', '1.0']]"
9," The control has a name and it's called capitalist profit.  This is the Holy Grail of the system that the new democracy and SYRIZA and PASOK and the rest of their other supplements, such as the Greek solution, for example.  Because the path of development defended by the government and the bourgeois parties in general is driven by profits and thus necessarily puts the cost-benefit ratio in the balance.  security measures in infrastructure and thus turns the state into a servant of monopoly interests.  Well of capitalist profit as if they were accumulating a lot of bad hours.  Finally, many bad moments in our country is really unacceptable vulgar to have reached the twenty-first century and the first word from the lips of the Greek Prime Minister is human error. "," Ο έλεγχος έχει ονοματεπώνυμου και λέγεται καπιταλιστικό κέρδος  Αυτό είναι το Ιερό Δισκοπότηρο του συστήματος που υπηρετούν με τόση ευλάβεια και η νέα δημοκρατία και ο ΣΥΡΙΖΑ και το ΠΑΣΟΚ και υπόλοιπα τα υπόλοιπα συμπληρώματα τους, όπως για παράδειγμα η ελληνική λύση  Γιατί ο δρόμος ανάπτυξης που υπερασπίζεται η κυβέρνηση και γενικά τα αστικά κόμματα έχει για κινητήρια δύναμη τα κέρδη και έτσι υποχρεωτικά βάζει στο ζύγι του κόστους οφέλους  Τα μέτρα ασφαλείας σε υποδομές και μετατρέπει έτσι το κράτος σε υπηρέτη των μονοπωλιακών συμφερόντων  Λοιπόν του καπιταλιστικού κέρδους σαν να μαζεύουν πολλές κακές ώρες  Τελικά πολλές κακές στιγμές στη χώρα μας είναι πραγματικά απαράδεκτο χυδαίο να έχουμε φτάσει στον εικοστό πρώτο αιώνα και η πρώτη κουβέντα από τα χείλη μάλιστα του έλληνα πρωθυπουργού να είναι το ανθρώπινο λάθος",corruption,economy,other,capitalist profit,-0.6,0.8,0.7,0.4,0.8,0.3,0.5,0.0,"[['capitalist profit', 'person', '1.0'], ['syriza', 'organization', '0.75'], ['pasok', 'organization', '0.75'], ['greek solution', 'organization', '0.5'], ['government', 'organization', '0.5'], ['bourgeois parties', 'organization', '0.5'], ['state', 'location', '0.5'], ['monopoly interests', 'person', '0.5'], ['greek prime minister', 'person', '1.0']]","[['syriza', 'political party', '0.8'], ['pasok', 'political party', '0.8'], ['greek solution', 'group of people', '0.6'], ['government', 'organization', '0.7'], ['bourgeois parties', 'group of people', '0.6'], ['state', 'organization', '0.7'], ['monopoly interests', 'organization', '0.6'], ['greek prime minister', 'person', '0.8'], ['twenty-first century', 'date', '0.6']]"
10," And this to cover up the huge responsibility for the course of degradation and dismantling of the railways with the dismantling, privatisation and privatisation of the railway.  All these things that led to a reduction in staff and to the abandonment of the modernization of national systems and the.  For all of this they had warned workers or railroad workers.  Indeed, the announcement of the faction that supports PAME. "," Κι αυτού για να συγκαλύψει τις τεράστιες ευθύνες για την πορεία υποβάθμισης και διάλυσης στον σιδηρόδρομο με τον κατατεμαχισμό, την ιδιωτικοποίηση  Όλα αυτά δηλαδή που οδήγησαν και σε μείωση του προσωπικού και σε εγκατάλειψη του εκσυγχρονισμού των συστημάτων εθνικής  Για όλα αυτά τους είχαν προειδοποιήσει εργαζομένους ή στους σιδηροδρόμους  Μάλιστα, η ανακοίνωση της παράταξης που στηρίζει το ΠΑΜΕ",privatization,privatization,railway,railways,-0.7,0.8,0.1,0.25,0.2,0.75,0.0,0.1,"[['pame', 'organization', '0.9']]","[['pame', 'political party', '0.85'], ['railway workers', 'group of people', '0.70']]"
11," The Mr. Mr.  A few days before the accident he was saying that it was only a matter of time before we had such a tragic event.  We as a parliamentary group had warned them with our interventions in Parliament, highlighting this course that all the governments to date, even before the memoranda, have sealed with their decisions, applying the guidelines of the European Union, which were of course none other than the liberalization of markets, the liberalization of the.  Of the railways. "," Το κ κ  Ε  λίγες ημέρες πριν το δυστύχημα σταθερή έλεγε πως ήταν θέμα χρόνου να έχουμε ένα τέτοιο τραγικό γεγονός  Τους είχαμε προειδοποιήσει και εμείς ως κοινοβουλευτική ομάδα με τις παρεμβάσεις μας μέσα στη Βουλή, αναδεικνύοντας αυτή την πορεία που που σφράγισαν με τις αποφάσεις τους όλες οι μέχρι σήμερα κυβερνήσεις, πριν ακόμα και από τα μνημόνια, εφαρμόζοντας τις κατευθύνσεις της Ευρωπαϊκής Ένωσης και που ήταν βεβαίως δεν ήταν άλλες από την απελευθέρωση των αγορών, την απελευθέρωση  Των σιδηροδρόμων",privatization,privatization,railway,railway accidents,-0.45,0.2,0.2,0.0,0.1,0.2,0.0,0.0,"[['mr.', 'person', '0.8'], ['parliament', 'organization', '0.5'], ['european union', 'organization', '0.6']]","[['mr.', 'person', '1.0'], ['parliament', 'organization', '0.5'], ['european union', 'organization', '0.5'], ['railways', 'organization', '0.5']]"
12," So it's easy to blame it on human error by blaming either state government responsibility or big business responsibility to mimic this system of.  The rotten system of exploitation.  But it goes too far with human error and individual responsibility, which undoubtedly exist, but cannot explain all the problems.  And they can't specifically explain such crimes.  You heard the same of course about the tragedy with the little child in a school here in Serres, as well as this crime.  So they became each other. "," Είναι εύκολο λοιπόν να τα ρίξεις σε ένα ανθρώπινο λάθος βγάζοντας λάδι είτε την κρατική κυβερνητική ευθύνη είτε την ευθύνη των μεγάλων επιχειρηματιών για να μιμηθεί αυτό το σύστημα της  Το σάπιο σύστημα της εκμετάλλευσης  Αλλά πάει πολύ με τα ανθρώπινα λάθη και τις ατομικές ευθύνες που αναμφίβολα υπάρχουν, αλλά δεν μπορούν όμως να εξηγήσουν όλα τα προβλήματα  Και δεν μπορούν να εξηγήσουν ειδικά τέτοια εγκλήματα  Το ίδιο βέβαια ακούσατε και για την τραγωδία με το μικρό παιδί σε σχολείο εδώ στις Σέρρες, όπως και για αυτό το έγκλημα  Έτσι έγινε ο ένας στον άλλον",other,corruption,other,blame,-0.5,0.2,0.1,0.2,0.2,0.3,0.0,0.0,"[['serres', 'location', '1.0']]","[['serres', 'location', '1.0']]"
13," The ball of responsibility.  And yet in Greece 2 0 to recall the name of the development plan of the New Democracy in Greece of the digital transition of green growth, where in a few.   I know with one click, the state can grab the house of the poor people with its electronic auctions.  These auctions voted by SYRIZA and continued by New Democracy, you see, in Greece there is a state, there are laws, there is class justice to make strikes illegal for security measures. On the railways, chasing trade unionists fighting for workers' rights, even arresting high school students for claiming to live a better life than the one they have prepared for them.  The same is true for other social strata, for farmers for example.  And here in Serres, because they dared to claim to stay on their land in their fields, but when it comes to the hundreds of workers who lose their lives, they put all the blame, at most, on some engine driver or some other worker who may have real responsibilities.  But in order for the big employers and the state as a whole.  Friends, compañeras and comrades.  So it's not the bad time, the bad time, the country, but those who ruled and are ruling this country, but us.  And in fact they ruled by implementing to the letter the policy, the directives of the European Union, which they are now trying to leave out of the frame, lying that this is not happening in Europe, in the European Union.  They are made and produced. "," Το μπαλάκι των ευθυνών  Και όμως στην Ελλάδα 2 0 για να θυμηθούμε την ονομασία του αναπτυξιακού σχεδίου της Νέας Δημοκρατίας στην Ελλάδα της ψηφιακής μετάβασης της πράσινης ανάπτυξης, όπου σε μερικά   Ξέρω λεπτά με ένα κλικ, το κράτος μπορεί να αρπάζει το σπίτι του φτωχού κόσμου με τους ηλεκτρονικούς της πλειστηριασμούς  Αυτούς τους πλειστηριασμούς που ψήφισε ο ΣΥΡΙΖΑ και συνέχισε, η Νέα Δημοκρατία, βλέπετε, στην Ελλάδα αυτή υπάρχει κράτος, υπάρχουν νόμοι, υπάρχει ταξική δικαιοσύνη για να βγάζει παράνομες τις απεργίες για μέτρα ασφαλείας Στο σιδηρόδρομο να κυνηγάει τους συνδικαλιστές που παλεύουν για τα δικαιώματα των εργαζομένων να συλλαμβάνει μέχρι και μαθητές γυμνασίων επειδή διεκδικούν να ζήσουν μια καλύτερη ζωή από αυτή που τους έχουν ετοιμάσει όλοι αυτοί  Το ίδιο βέβαια ισχύει και για άλλα κοινωνικά στρώματα, για τους αγρότες για παράδειγμα  Και εδώ στις Σέρρες, γιατί τόλμησαν να διεκδικήσουν να μείνουν στη γη τους στα χωράφια τους, αλλά όταν πρόκειται για τους εκατοντάδες εργάτες που χάνουν τις ζωές τους, ρίχνουν όλο το φταίξιμο, το πολύ πολύ σε κανένα μηχανοδηγό σε κάποιον άλλο εργαζόμενου που μπορεί να έχει υπαρκτές ευθύνες  Αλλά για να βγει όμως δηλαδή συνολικά η μεγάλη εργοδοσία και το κράτος  Φίλες και φίλοι συντρόφισσες και σύντροφοι  Δεν φταίει λοιπόν η κακιά η ώρα, η κακιά, η χώρα, αλλά όσοι κυβέρνησαν και κυβερνούν αυτή τη χώρα, αλλά εμείς  Και μάλιστα κυβέρνησαν υλοποιώντας κατά γράμμα την πολιτική, τις οδηγίες της Ευρωπαϊκής Ένωσης, την οποία τώρα προσπαθούν να αφήσουν απ έξω από το κάδρο, λέγοντας ψέματα πως θα αυτά δεν γίνονται στην Ευρώπη, στην Ευρωπαϊκή Ένωση  Γίνονται και παραγίνονται",corruption,accountability,workers' rights,class injustice in greece,-0.7,0.7,0.1,0.8,0.5,0.8,0.2,0.4,"[['greece', 'location', '1.0'], ['new democracy', 'organization', '1.0'], ['syriza', 'organization', '1.0'], ['serres', 'location', '1.0'], ['european union', 'organization', '1.0']]","[['greece', 'location', 'high', 'new democracy', 'political party', 'high', 'syriza', 'political party', 'high', 'serres', 'location', 'high', 'european union', 'organization', 'high']]"
14," We tell them, as revealed by the Commission itself, the Commission, which admits that in 2021 alone in one year there were 1389 rail accidents with a total of 636 deaths.  And 513 injured, of which 97 crashes involved collisions, are running, as of late in the European Union member states.  And all because. "," Τους λέμε, όπως αποκαλύπτει και η ίδια η Κομισιόν, η Κομισιόν, η οποία ομολογεί πως το 2021 μόνο σε ένα χρόνο καταγράφηκαν 1389 σιδηροδρομικά δυστυχήματα με συνολικά 636 νεκρούς  Και 513 τραυματίες, εκ των οποίων τα 97 δυστυχήματα αφορούσαν σε συγκρούσεις, τρέχουν, όπως αυτή στα τέλη στις χώρες κράτη μέλη της Ευρωπαϊκής Ένωσης  Και όλα αυτά γιατί",other,national security,other,rail accidents,-0.8,0.5,0.0,0.2,0.5,0.1,0.0,0.0,"[['commission', 'organization', '1.0'], ['2021', 'date', '1.0'], ['1389', 'quantity', '1.0'], ['636', 'quantity', '1.0'], ['513', 'quantity', '1.0'], ['97', 'quantity', '1.0'], ['european union', 'organization', '1.0']]","[['commission', 'organization', '0.8'], ['european union', 'organization', '0.8'], ['2021', 'date', '0.6'], ['1389', 'group of people', '0.3'], ['636', 'group of people', '0.3'], ['513', 'group of people', '0.3'], ['97', 'group of people', '0.3']]"
15," As the same special report of the European Court of Auditors on Railways states, in 2017, the delay in introducing modern electronic systems in all EU countries resulted in costly investments, without generally bringing direct benefits to those who bear the burden.  Yes, they are asked to bear the cost.  So let them stop, we say, the new democracy and SYRIZA, because they are all co-responsible.  One was completing the piece of the puzzle made by the other for the notorious liberalisation of the railways, for the implementation of the European Union's policy.  Mr E will not stop for a moment to fight for a modern, fast, safe and cheap means of transporting people and goods throughout the country.  This of course presupposes liberation from the rails of profit, presupposes transport and infrastructure in order to satisfy the expanded social needs of the people.  Through a single state agency utilizing all the modern achievements of science and technology, integrated into a centralized scientific planning of the economy with social ownership and worker control.  This needs to be done today and not to make fun of the sinful state of the cost-benefit logic of the state, of direct awards and tenders that provide hot money, of the state that acts as the collective representative of the interests of the monopolies, can this state be the guarantor of a safe modern railway?  Through a nationalization, as the re-nationalization of it, as other forces that before were, say, in favour of privatization, as is for example the Greek solution, as is Day 25 and others of this wider opportunist space, say.  We are not fighting to return to the problematic yesterday in the problem state, but to build tomorrow. Taking advantage of developments in science, of the potential of production itself, today the state is a state for the few and privatises sectors when capital needs it, or nationalises these sectors or others at the same time, when capital itself needs it.  Besides, let's not go too far. "," Όπως αναφέρει η ίδια ειδική έκθεση του Ευρωπαϊκού Ελεγκτικού Συνεδρίου για τους Σιδηροδρόμους, το 2017, η καθυστέρηση εισαγωγής των σύγχρονων ηλεκτρονικών συστημάτων σε όλες τις χώρες της Ευρωπαϊκής Ένωσης συνεπάγεται έγραφε δαπανηρές επενδύσεις, χωρίς να αποφέρει γενικά άμεσα οφέλη σε εκείνους που επωμίζονται  Ναι, καλούνται να επωμιστούν το κόστος  Ας σταματήσουν λοιπόν, τους λέμε το παιχνίδι με τις κουμπάρες και η νέα δημοκρατία και ο ΣΥΡΙΖΑ, γιατί είναι όλοι τους συνυπεύθυνοι  Ο ένας συμπλήρωνε το κομμάτι του παζλ που έγινε από τον άλλον για την περιβόητη απελευθέρωση αυτή των σιδηροδρόμων, για την υλοποίηση δηλαδή της πολιτικής της Ευρωπαϊκής Ένωσης  Το κ κ Ε  δεν θα σταματήσει ούτε λεπτό να παλεύει για έναν σιδηρόδρομο σύγχρονο, γρήγορο, ασφαλή και φθηνό μέσο μετακίνησης του λαού και μεταφοράς προϊόντων σε όλη τη χώρα  Αυτό βέβαια προϋποθέτει απελευθέρωση από τις ράγες του κέρδους, προϋποθέτει μεταφορές και υποδομές με κριτήριο την ικανοποίηση των διευρυμένων κοινωνικών λαϊκών αναγκών  Μέσα από έναν ενιαίο κρατικό φορέα με αξιοποίηση όλων των σύγχρονων επιτευγμάτων της επιστήμης της τεχνολογίας, ενταγμένες σε έναν κεντρικό επιστημονικό σχεδιασμό της οικονομίας με κοινωνική ιδιοκτησία και εργατικό έλεγχο  Αυτό χρειάζεται να γίνει σήμερα και όχι να κοροϊδεύουμε ότι το αμαρτωλό κράτος της λογικής κόστους οφέλους του κράτους, των απευθείας αναθέσεων και διαγωνισμών που τάζουν ζεστό χρήμα, λίγους το κράτος που λειτουργεί σαν εκφραστή συλλογικός των συμφερόντων των μονοπωλίων, μπορεί τάχα αυτό το κράτος να είναι και εγγυητής ενός ασφαλούς σύγχρονου σιδηροδρόμου  Μέσω μιας εθνικοποίησης, όπως τη λένε οι επανακρατικοποίηση της, όπως λένε άλλοι δυνάμεις που πριν τάσσονταν, τα λένε αυτά υπέρ της ιδιωτικοποίησης, όπως είναι για παράδειγμα η ελληνική λύση, όπως είναι το μέρα 25 και άλλοι αυτού του ευρύτερου οπορτουνιστικού χώρου  Εμείς δεν παλεύουμε για να γυρίσουμε στο προβληματικό χθες στο κράτος των προβλημάτων, αλλά για να χαράξουμε το αύριο Αξιοποιώντας τις εξελίξεις στην επιστήμη, τις δυνατότητες της ίδιας της παραγωγής, σήμερα το κράτος αυτών είναι κράτος για λίγους και ιδιωτικοποιεί τομείς όταν το έχει ανάγκη το κεφάλαιο, είτε κρατικοποιεί ταυτόχρονα αυτούς τους τομείς ή άλλους, όταν έχει ανάγκη πάλι το ίδιο το κεφάλαιο  Άλλωστε μην πάμε μακριά",other,other,railway,railways,-0.5,0.8,0.2,0.9,0.5,0.9,0.0,0.0,"[['european court of auditors', 'organization', '1.0'], ['eu', 'organization', '1.0'], ['syriza', 'organization', '1.0'], ['mr e', 'person', '1.0'], ['greek', 'nationality', '1.0'], ['day 25', 'event', '1.0']]","[['european court of auditors', 'organization', '0.75'], ['eu countries', 'location', '0.75'], ['digital democracy', 'group of people', '0.50'], ['syriza', 'political party', '0.50'], ['european union', 'organization', '0.75'], ['mr e', 'person', '0.50'], ['greek solution', 'group of people', '0.25'], ['day 25', 'group of people', '0.25']]"
16," A few months ago the New Democracy government announced, if you remember, that it would not privatize the port of Alexandroupolis after all.  But why did its allies, the Americans and NATO, tell it that they would rather have the state own the port than have it end up in the hands of possibly other companies with whom these gentlemen would have competing interests?  Unless we are told that in this case it was Mitsotakis who let the nationalization that the interests of the American imperialists were identified with the demands of the popular movement.  So let them think carefully.  those who felt grief those who felt anger those who are demonstrating today with the slogan that this crime should not be covered up.  Which political force is the guarantor, both in Parliament and in the working people's struggles within the movement, that this slogan will finally be put into practice?  Which, which political power is power, revelations. "," Πριν λίγους μήνες η κυβέρνηση της Νέας Δημοκρατίας ανακοίνωσε, αν θυμάστε ότι δεν θα ιδιωτικοποιήσει τελικά το λιμάνι της Αλεξανδρούπολης  Γιατί όμως γιατί οι σύμμαχοί της, οι Αμερικανοί το ΝΑΤΟ της είπαν ότι προτιμούν να είναι το κράτος ιδιοκτήτης του λιμανιού παρά να καταλήξει σε χέρια πιθανόν άλλων εταιρειών με τους οποίους αυτοί οι κύριοι θα είχαν ανταγωνιστικά συμφέροντα  Εκτός αν μας πούνε ότι σε αυτή την περίπτωση έγινε, καθώς Μητσοτάκης που άφησε την κρατικοποίηση ότι ταυτίστηκαν τα συμφέροντα δήθεν των αμερικανών ιμπεριαλιστών με τις διεκδικήσεις του λαϊκού κινήματος  Ας σκεφτούν λοιπόν καλά  όσοι ένιωσαν θλίψη όσοι ένιωσαν οργή όσοι σήμερα διαδηλώνουν με το σύνθημα το έγκλημα αυτό να μην συγκαλυφθεί  Ποια πολιτική δύναμη είναι ο εγγυητής και μέσα στη Βουλή, αλλά και μέσα στους εργατικούς λαϊκούς αγώνες μέσα στο κίνημα ότι αυτό το σύνθημα θα γίνει τελικά πράξη  Ποιο, ποια πολιτική δύναμη είναι δύναμη, αποκαλύψεις",privatization,privatization,nationalization,port nationalization,0.0,0.6,0.5,0.3,0.7,0.6,0.0,0.0,"[['new democracy', 'organization', '1.0'], ['alexandroupolis', 'location', '1.0'], ['americans', 'group', '0.9'], ['nato', 'organization', '0.9'], ['mitsotakis', 'person', '0.5']]","[['new democracy', 'organization', '1'], ['alexandroupolis', 'location', '1'], ['americans', 'group of people', '1'], ['nato', 'organization', '1'], ['mitsotakis', 'person', '1'], ['parliament', 'organization', '1']]"
17," Only Mr. Mr.  Hey, because Mr. Mr.  Ε. ", Μόνο το κ κ  Ε γιατί το κ κ  Ε,other,other,other,unclear/unknown (the text does not provide a clear topic or context),0.0,0.0,0.0,0.5,0.0,0.0,0.0,0.0,"[['mr. hey', 'person', '1.0']]","[['mr. hey', 'person', '1.0']]"
18,"  does not serve the God of capitalist profit, because big business does not and will not put it in their hands.  Why Mr. Mr.  He does not drink water in the name of the destructive policy for our country, the European Union, Some of course they are in a cold sweat. ","  δεν υπηρετεί το Θεό του καπιταλιστικού κέρδους, γιατί οι μεγαλο επιχειρηματίες δεν το βάζουν ούτε πρόκειται να το βάλουν στο χέρι  Γιατί το κ κ  Ε δεν πίνει νερό στο όνομα της καταστροφικής πολιτικής για τη χώρα μας, της Ευρωπαϊκής Ένωσης, Ορισμένους βέβαια τους κόβει κρύος ιδρώτας",europe,europe,other,anti-capitalism,-0.6,0.85,0.0,0.7,0.9,0.75,0.0,0.1,"[['god', 'org', '0.65'], ['capitalist', 'misc', '0.7'], ['big business', 'org', '0.85'], ['mr.', 'person', '1.0'], ['european union', 'org', '0.8']]","[['european union', 'organization', '1.0'], ['country', 'location', '1.0']]"
19," Thousands of demonstrators led by young people overflowing the streets in the squares, adopting radical slogans, demanding the necessary and the obvious.  That's why their needle is only stuck in one sorry.  Along with apologies, apologies and crocodile tears, they cry lest the people lose confidence in this barbaric system.  This is their pain.  Do not lose confidence in the parties that serve this system.  New Democracy and SYRIZA have brought out of the closet the boogeyman of political instability.  You've heard it. "," Χιλιάδες διαδηλωτές με μπροστάρηδες τους νέους να ξεχειλίζουν τους δρόμους στις πλατείες, να υιοθετούν ριζοσπαστικά συνθήματα, να διεκδικούν τα αναγκαία τα αυτονόητα  Γι αυτό και έχει κολλήσει η βελόνα τους μόνο σε ένα συγγνώμη  Μαζί με τις συγγνώμες, με τις συγγνώμες και τα κροκοδείλια δάκρυα κλαίνε μην τυχόν και χαθεί η εμπιστοσύνη του λαού στο βάρβαρο αυτό σύστημα  Αυτός είναι ο πόνος τους  Μη χαθεί η εμπιστοσύνη στα κόμματα που υπηρετούν αυτό το σύστημα  Νέα δημοκρατία και ΣΥΡΙΖΑ έβγαλαν από την ντουλάπα τον μπαμπούλα της πολιτικής αστάθειας  Το έχετε ακούσει",political parties,political parties,youth,protest movements,-0.6,0.85,0.5,0.5,0.8,0.8,0.6,0.1,"[['thousands', 'number', '1.0'], ['young people', 'person', '0.9'], ['squares', 'location', '0.8'], ['radical slogans', 'other', '0.7'], ['new democracy', 'organization', '0.9'], ['syriza', 'organization', '0.9']]","[['new democracy', 'organization', '0.6', 'syriza', 'political party', '0.7']]"
20," They may in such a crisis, as they call it, burn some politicians, some ministers with deviations, such as your neighbor here, Karamanlis, for example, or even prime ministers, they may send them to be fired, to be sent aside.  So they can burn the political deck.  But more easily they will try to find it for themselves, as they did in the past, when PASOK and the new democracy. "," Μπορεί σε μια τέτοια κρίση, όπως αυτοί την ονομάζουν, να κάψουν και μερικούς πολιτικούς vpn, κάποιους υπουργούς με παρεκκλίσεις, όπως παράδειγμα τον συντοπίτη σας εδώ, τον Καραμανλή ή ακόμα και πρωθυπουργούς μπορεί να στείλουν να τους απολύσουν, να τους στείλουν στην άκρη  Για να μπορούν να κάψουν την πολιτική τράπουλα  Πιο εύκολα όμως στην άκρη για πάρτη τους θα προσπαθήσουν να τη βρουν όπως τη βρήκαν και στο παρελθόν, όταν ΠΑΣΟΚ και νέα δημοκρατία",political parties,democracy,other,political crisis,-0.2,0.4,0.0,0.2,0.5,0.25,0.2,0.1,"[['karamanlis', 'person', '0.8'], ['pasok', 'organization', '0.7'], ['new democracy', 'organization', '0.7']]","[['karamanlis', 'person', '0.8'], ['pasok', 'organization', '0.7'], ['new democracy', 'organization', '0.7']]"
21," Where they were rivals they were in the same government, just as SYRIZA and ANEL did the same thing, they are all working on the same thing today, because what unites them.  There is more than what separates them.  What are their impenetrable walls. "," Εκεί που ήταν αντίπαλοι βρέθηκαν στην ίδια κυβέρνηση, όπως επίσης ΣΥΡΙΖΑ και ΑΝΕΛ έκαναν το ίδιο το ίδιο επεξεργάζονται όλοι αυτοί και σήμερα, γιατί αυτά που τους ενώνουν  Είναι περισσότερα από αυτά που τους χωρίζουν  Ποια είναι τα αδιαπέραστα τείχη τους",political parties,political parties,coalition,politics,0.0,0.1,0.2,0.2,0.2,0.2,0.0,0.0,"[['syriza', 'org', '0.6802'], ['anel', 'org', '0.7088']]","[['syriza', 'organization', '0.9'], ['anel', 'organization', '0.9']]"
22," Is it, for example, their attitude towards the international alliances of capital M.  Since everyone is blatantly in favour of him being in favour of the European Union, even though in words he plays it wrong, but never and nowhere does he say that the country should disengage from these alliances.  After all, before he founded his party he had gone to New Democracy and left.  Not because he disagreed with the Memoranda, but because he was not voted down as a Member of Parliament, so as not to be forgotten for those who remember.  Really, then he did not know about the New Democracy's love affair with NATO and the USA.  Or when Karatzaferis was in LAOS. "," Μήπως είναι, για παράδειγμα, η στάση τους απέναντι στις διεθνείς συμμαχίες του κεφαλαίου Μ  Αφού όλοι αναφανδόν είναι υπέρ του να του είναι υπέρ της Ευρωπαϊκής Ένωσης μέχρι και που στα λόγια το παίζει λάθος, αλλά ποτέ και πουθενά δεν λέει να αποδεσμευτεί η χώρα από αυτές τις συμμαχίες  Άλλωστε, πριν ιδρύσει το κόμμα του είχε πάει στη Νέα Δημοκρατία αυτός και αποχώρησε  Όχι γιατί διαφώνησε με τα μνημόνια, αλλά γιατί δεν το κατέβασαν βουλευτή για να μην ξεχνιόμαστε δηλαδή για όσους θυμόμαστε  Αλήθεια, τότε δεν ήξερε για τον έρωτα της Νέας Δημοκρατίας με το ΝΑΤΟ και τις ΗΠΑ  Ή όταν ήταν στο ΛΑΟΣ ο Καρατζαφέρης",europe,external affairs,other,attitude towards international alliances,0.0,0.1,0.0,0.25,0.8,0.2,0.0,0.0,"[['european union', 'organization', '1.0'], ['new democracy', 'political party', '0.8'], ['memoranda', 'policy', '0.7'], ['member of parliament', 'political position', '0.6'], ['nato', 'organization', '0.8'], ['usa', 'country', '0.7'], ['karatzaferis', 'person', '0.6'], ['laos', 'political party', '0.7']]","[['m', 'organization', '0.7'], ['european union', 'organization', '0.5'], ['new democracy', 'political party', '0.7'], ['member of parliament', 'group of people', '0.5'], ['nato', 'organization', '0.5'], ['usa', 'country', '0.5'], ['laos', 'political party', '0.5']]"
23," He had a different attitude, so now what is he doing to play the uncommitted and anti-seismic Antisystemic.  He's an adventurer.  Truth to go further.  His reference to the only reason was because here in Northern Greece it is presented as being influential and it is dragging people who were mainly voting for a new democracy after now, but they are working people, ordinary workers, and we are telling them to think carefully about where they should cast their vote.  Really, what are the impenetrable walls of new democracy for SYRIZA, PASOK and the rest of the.  Didn't they, for example in the war in Ukraine, agree to support the arming of the Zelensky government?  They did not applaud with the Nitrogen Nazis in Parliament. "," Είχε άλλη στάση δήθεν, οπότε τώρα τι μας τσαμπουνάει για να μας το παίξει αδέσμευτος και αντισεισμικής Αντισυστημικός  Αυτόςο Τυχοδιωκτικός  Αλήθεια για να πάμε παραπέρα  Η αναφορά του στο μόνο που ήταν γιατί εδώ στη Βόρεια Ελλάδα παρουσιάζεται ότι έχει επιρροή και παρασύρει τους ανθρώπους που ψήφιζαν κυρίως νέα δημοκρατία μετά τώρα, αλλά είναι εργαζόμενοι απλοί εργάτες και αυτοί και τους λέμε και αυτούς να σκεφτούν καλά για το πού πρέπει να ρίξουν την ψήφο τους  Αλήθεια, ποια είναι τα αδιαπέραστα τείχη για νέα δημοκρατία ΣΥΡΙΖΑ, ΠΑΣΟΚ και τους υπόλοιπους  Μήπως, για παράδειγμα στον πόλεμο στην Ουκρανία δεν συμφωνούν στη στήριξη για τον εξοπλισμό της κυβέρνησης Ζελένσκι  Δεν χειροκρότησαν μαζί τους Ναζί του αζώτου στη Βουλή",political parties,other,other,political parties,0.0,0.25,0.5,0.2,0.5,0.2,0.0,0.0,"[['northern greece', 'location', '1.0'], ['syriza', 'organization', '0.5'], ['pasok', 'organization', '0.5'], ['ukraine', 'location', '1.0'], ['zelensky', 'person', '1.0'], ['nitrogen nazis', 'group', '1.0'], ['parliament', 'organization', '0.5']]","[['northern greece', 'location', '1.0'], ['greece', 'country', '1.0'], ['syriza', 'political party', '0.7'], ['pasok', 'political party', '0.7'], ['zelensky government', 'organization', '0.4'], ['nitrogen nazis', 'group of people', '0.3']]"
24," Do they not agree to the enlargement of NATO sanctions against Russia.  Not everyone also agreed on the pollutant and energy exchange which was one of the main factors in the price spike in energy and in our country.  Not everyone agrees with the notorious green transition that deprives us of a cheap domestic fuel such as lignite for which they do not agree on the Recovery Fund.  His priorities and fiscal commitments bring and will wrap our people with new measures, long term, in a noose.  And if they are now supposedly arguing about the auctions in the essence of the thing.  Again, we're all in agreement, because one after the other. "," Μήπως δεν συμφωνούν στη διεύρυνση του ΝΑΤΟ στις κυρώσεις ενάντια στη Ρωσία  Δεν συμφώνησαν επίσης όλοι στο χρηματιστήριο ρύπων και ενέργειας που ήταν από τους βασικούς παράγοντες εκτίναξης των τιμών στην ενέργεια και στη χώρα μας  Δεν συμφωνούν όλοι και ωμοφαγικής στην περιβόητη πράσινη μετάβαση που μας στερεί ένα φθηνό εγχώριο καύσιμο, όπως είναι ο λιγνίτης για αλλα δεν συμφωνουν στο Ταμείο Ανάκαμψης  Τις προτεραιότητές του αλλά και τις δημοσιονομικές δεσμεύσεις φέρνει και θα τυλίξει με νέα μέτρα θηλιά, μακροχρόνια τον λαό μας  Κι αν τώρα δήθεν τσακώνονται για τους πλειστηριασμούς στην ουσία του πράγματος  Πάλι όλοι σύμφωνοι, γιατί όλοι ο ένας μετά τον άλλον",energy,external affairs,other,disagreements,-0.3,0.2,0.0,0.2,0.6,0.1,0.0,0.0,"[['nato', 'organization', '0.7'], ['russia', 'location', '0.6'], ['pollutant', 'misc', '0.6'], ['energy exchange', 'misc', '0.5'], ['price spike', 'misc', '0.5'], ['country', 'location', '0.6'], ['green transition', 'policy', '0.6'], ['lignite', 'material', '0.5'], ['recovery fund', 'policy', '0.5']]","[['nato', 'organization', '1.0'], ['russia', 'country', '1.0'], ['energy exchange', 'organization', '0.8'], ['our country', 'location', '1.0'], ['green transition', 'organization', '0.8'], ['recovery fund', 'organization', '0.8'], ['his priorities', 'person', '0.9'], ['new measures', 'organization', '0.6'], ['auctions', 'organization', '0.7']]"
25," The new democracy of PASOK, SYRIZA brought laws that gradually liberated them, culminating in. Last the last law of the New Democracy and that's how we got to these mass auctions.  In fact, the idiom for the mobilizations and for the electronic auctions have already been written by the Greek people.  On the resume of Syriza when they were in government, because they legislated them.  As for the existing differences between the new democracy and SYRIZA.  They are such that not only, I must tell you, do not in the least disturb big capital, its power itself, but on the contrary they are very well exploited by the system to keep the people in a permanent hostage, usually of false dilemmas and blackmail to keep them.  Our people trapped in this one-way street of barbarism.  Besides, the propaganda of both clear, both from the last tragic events, but also for the overall got of the last few years the new Republic it was presented as the government of great reforms, which allegedly successfully promoted the cuts to move the country forward, which allegedly took measures to avoid reliving tragedies.  Like Mati, Mandra, because what is the result of these supposedly deep cuts. "," Η νέα Δημοκρατία του ΠΑΣΟΚ, το ΣΥΡΙΖΑ έφερναν νόμους που σταδιακά τους απελευθέρωσαν με αποκορύφωμα Τελευταία τον τελευταίο νόμο της Νέας Δημοκρατίας και έτσι φτάσαμε σε αυτούς τους μαζικούς πλειστηριασμούς  Μάλιστα, το ιδιώνυμο για τις κινητοποιήσεις και για τους ηλεκτρονικούς πλειστηριασμούς έχουν ήδη γραφτεί πλέον από τον ελληνικό λαό  Στο βιογραφικό του ΣΥΡΙΖΑ όταν ήταν κυβέρνηση, γιατί αυτός τους νομοθέτησε  Όσο για τις υπαρκτές διαφορές ανάμεσα στη νέα δημοκρατία και τον ΣΥΡΙΖΑ  Είναι τέτοιες που όχι μόνο πρέπει να σας πω, δεν ενοχλούν στο ελάχιστο το μεγάλο κεφάλαιο, την εξουσία του την ίδια, αλλά αντίθετα αξιοποιούνται πάρα πολύ καλά το σύστημα για να κρατάνε το λαό σε μια διαρκή ομηρία, συνήθως ψευτοδιλημμάτων και εκβιασμών για να παραμείνει  Ο λαός μας εγκλωβισμένος στο μονόδρομο αυτό της βαρβαρότητας  Άλλωστε η προπαγάνδα και των δυο καθαροί, τόσο από τα τελευταία τραγικά γεγονότα, αλλά και για τη συνολική πήραν των τελευταίων χρόνων η νέα Δημοκρατία αυτό προβάλλονταν ως η κυβέρνηση των μεγάλων μεταρρυθμίσεων, η οποία δήθεν προωθούσε με επιτυχία τις τομές για να πάει η χώρα μπροστά, που δήθεν πήρε μέτρα για να μην ξαναζήσουμε τραγωδίες  Όπως το Μάτι, η Μάνδρα, γιατί δε ποιο είναι το αποτέλεσμα αυτών των δήθεν βαθιών τομών",corruption,other,electronic auctions,electronic auctions,-0.6,0.85,0.2,0.8,0.8,0.5,0.5,0.2,"[['pasok', 'political party', '1.0'], ['syriza', 'political party', '1.0'], ['greek', 'nationality', '1.0'], ['new democracy', 'political party', '1.0'], ['mati', 'location', '1.0'], ['mandra', 'location', '1.0']]","[['pasok', 'organization', '0.75'], ['syriza', 'organization', '0.75'], ['greek people', 'group of people', '0.8'], ['syrisa', 'organization', '0.6'], ['new democracy', 'political party', '0.6'], ['big capital', 'organization', '0.5'], ['mati', 'location', '0.6'], ['mandra', 'location', '0.6'], ['greece', 'country', '0.6']]"
26," For example, in health, they continued the disintegration of any notion of public character, they continued the cuts and privatisation, they condemned the people in the pandemic to be unprotected by the narrative of individual responsibility in a state that gave extra money.  To the various crows of the big business groups of private health care.  Here in Serres the people lived and live it with the great shortages in the hospital with the delay of surgeries, because there were no basic specialties with staffing without the necessary training of staff in meth and our units of increased care with this tragic situation.  We have reached today that doctors of other specialties are on call, Why are no permanent staff recruited and the staff remains exhausted from on-call duties even now.  The ambulance and the health centers of the county have serious shortages of staff and we have arrived for example, there are not many reasons when cancer is reaping there are no welfare and support units for the elderly anywhere in a county that is aging and younger people take over the medical care of the elderly.  At the same time, however, major investments are planned in the private health sector. "," Για παράδειγμα, στην υγεία συνέχισαν τη διαλυτική πορεία κάθε έννοιας δημόσιου χαρακτήρα, συνέχισαν τις περικοπές και την ιδιωτικοποίηση, καταδίκασαν μέσα στην πανδημία τον λαό να βρίσκεται απροστάτευτος με το αφήγημα της ατομικής ευθύνης σε ένα κράτος που έδινε επιπλέον χρήμα  Στα διάφορα κοράκια των μεγάλων επιχειρηματικών ομίλων της ιδιωτικής υγείας  Εδώ στις Σέρρες το έζησε και το ζει ο λαός με τις μεγάλες ελλείψεις στο νοσοκομείο με την καθυστέρηση χειρουργείων, γιατί δεν υπήρχαν βασικές ειδικότητες με τη στελέχωση χωρίς την αναγκαία εκπαίδευση προσωπικού σε μεθ και μας μονάδες αυξημένης φροντίδας μ αυτή την τραγική κατάσταση  Φτάσαμε σήμερα να κάνουν εφημερίες σε ειδικότητες γιατροί άλλων ειδικοτήτων, Γιατί δεν γίνονται προσλήψεις μόνιμου προσωπικού να παραμένει το προσωπικό Εξαντλημένο από τις εφημερίες ακόμη και τώρα  Το ΕΚΑΒ και τα κέντρα υγείας του νομού να έχουν σοβαρές ελλείψεις σε προσωπικό και φτάσαμε για παράδειγμα, να μην υπάρχουν πολλοί λόγοι όταν ο καρκίνος θερίζει να μην υπάρχουν πουθενά μονάδες πρόνοιας και υποστήριξης των ηλικιωμένων σε ένα νομό που γερνάει και οι νεότεροι αναλαμβάνουν τη γιατροπορέψει των ηλικιωμένων  Την ίδια ώρα όμως, σχεδιάζονται μεγάλες επενδύσεις στο χώρο της ιδιωτικής υγείας",health,health,privatization of healthcare,healthcare privatization,-0.8,0.9,0.5,0.7,0.6,0.9,0.5,0.1,"[['serres', 'location', '1.0']]","[['serres', 'location', '0.9'], ['public character', 'organization', '0.7'], ['pandemic', 'organization', '0.5'], ['private health care', 'organization', '0.7'], ['hospital', 'organization', '0.8'], ['meth', 'organization', '0.5'], ['cancer', 'organization', '0.6'], ['elderly', 'group of people', '0.7'], ['county', 'location', '0.8'], ['private health sector', 'organization', '0.7']]"
27," From various groups that have seen this dissolution of the public system as an opportunity to make a profit on the people and here in Serres.    Or what to say about education, where parents, teachers, students lived through a tragic event, a crime that preceded the death of the young student in Tempe.  The result of a criminal policy that has identified schools, students, teachers at the mercy of the degradation of the underfunding of various irresponsible responsible agents of the municipalities and ministries of deficiencies, even in basic rules of protection and security.  What could be simpler than not doing work on a burner on a school day and time. "," Από διάφορους ομίλους που έχουν δει σαν ευκαιρία την διάλυση αυτή του δημόσιου συστήματος για να κερδοφορήσουν πάνω στο λαό και εδώ στις Σέρρες    Ή τι να πούμε για την παιδεία, όπου οι γονείς, οι εκπαιδευτικοί, οι μαθητές έζησαν μέσα από ένα τραγικό γεγονός ένα έγκλημα που προηγήθηκε των Τεμπών με το θάνατο του μικρού μαθητή  Το αποτέλεσμα μιας εγκληματικής πολιτικής που έχει ταυτιστεί σχολεία, μαθητές, εκπαιδευτικούς στο έλεος της υποβάθμισης της υποχρηματοδότησης των διαφόρων ανεύθυνο υπεύθυνων παραγόντων Των δήμων και των υπουργείων των ελλείψεων, ακόμα και σε στοιχειώδεις κανόνες προστασίας και ασφάλειας  Τι πιο απλό να μη γίνονταν εργασίες σε καυστήρα σε μέρα και ώρα λειτουργίας του σχολείου",education,education,higher education,education,-0.71,0.95,0.0,0.35,0.2,0.5,0.0,0.0,"[['serres', 'location', '1.0'], ['tempe', 'location', '1.0']]","[['serres', 'location', '1.0'], ['tempe', 'location', '1.0']]"
28,"  The new Republic, the government, as it is sold of the allegedly great reforms and in the agricultural sector, so the farmers of the new zichsta erased term of Amphipolis of Emmanuel Pappas to see their livelihood to be destroyed.  They are still waiting for compensation from the disastrous floods and the non-existent flood protection works that are now starting some of them with a delay.  But they can not meet the great needs, while the cattle farmers were forced to slaughter their herds because they can not afford the cost of production and the beekeepers to abandon their activity altogether and these in a prefecture that has comparative advantages, because it has geothermal energy a fertile plain, while in the past it had a building infrastructure.  Which could give real relief to the rural income, as was for example the sugar factory, but these advantages are constantly destroyed or under the dictates of course of the hot European Union to exercise powerful groups in other countries, as for example happened in sugar, which led to the cessation of techno cultivation in the region.  Whether others are handed over to entrepreneurs such as geothermal energy, instead of being used to meet the social needs of the people, is typical.  That we're in a county that's going through. ","  Η νέα Δημοκρατία, η κυβέρνηση, όπως πλασάρεται των δήθεν μεγάλων μεταρρυθμίσεων και στον αγροτικό τομέα, με αποτέλεσμα οι αγρότες της νέας ζίχνης σβηστά θητείας της Αμφίπολης του Εμμανουήλ Παππά να βλέπουν το βιος τους να καταστρέφεται  Ακόμα περιμένουν τις αποζημιώσεις από τις καταστροφικές πλημμύρες και τα ανύπαρκτα αντιπλημμυρικά έργα που ορισμένα τώρα ξεκινούν κάποια με καθυστέρηση  Αλλά δεν μπορούν να καλύψουν τις μεγάλες ανάγκες, ενώ οι κτηνοτρόφοι αναγκάστηκαν να σφάξουν τα κοπάδια τους γιατί δεν αντέχουν στο κόστος της παραγωγής και οι μελισσοκόμοι να εγκαταλείπουν συνολικά τη δραστηριότητά τους και αυτά σε ένα νομό που έχει συγκριτικά πλεονεκτήματα, γιατί διαθέτει γεωθερμία έναν εύφορο κάμπο, ενώ στο παρελθόν διέθετε και οικοδόμος υποδομές  Που μπορούσαν να δώσουν πραγματική ανακούφιση στο αγροτικό εισόδημα, όπως ήταν για παράδειγμα του εργοστασίου ζάχαρης, όμως αυτά τα πλεονεκτήματα συνεχώς καταστρέφουν ή κάτω από τις επιταγές βέβαια της καυτής Ευρωπαϊκής Ένωσης για να ασκήσει ριχτούν ισχυροί όμιλοι σε άλλες χώρες, όπως για παράδειγμα συνέβη στη ζάχαρη, γεγονός που οδήγησε και στην παύση της τεχνο καλλιέργειας στην περιοχή  Είτε άλλα παραδίδονται σε επιχειρηματίες όπως η γεωθερμία, αντί να αξιοποιηθούν για την κάλυψη κοινωνικών λαϊκών αναγκών, είναι χαρακτηριστικό  Πως βρισκόμαστε σε ένα νομό που περνάει",agricultural policy,other,floods,agricultural sector,-0.8,0.8,0.0,0.76,0.5,0.8,0.1,0.1,"[['new republic', 'organization', '1.0'], ['government', 'organization', '1.0'], ['amphipolis', 'location', '0.9'], ['emmanuel pappas', 'person', '0.9']]","[['new republic', 'organization', '0.5'], ['government', 'group of people', '1.0'], ['amphipolis', 'location', '1.0'], ['emmanuel pappas', 'person', '1.0'], ['cattle farmers', 'group of people', '1.0'], ['beekeepers', 'group of people', '1.0'], ['prefecture', 'location', '0.5'], ['sugar factory', 'organization', '1.0'], ['european union', 'organization', '1.0'], ['entrepreneurs', 'group of people', '0.5'], ['county', 'location', '1.0']]"
29,"  The unknown that the case and its slopes are filled or are about to be filled by wind turbines from photovoltaic parks with significant impact on the environment, especially in the creation of flooding phenomena.  In the northern part of the prefecture, which is part of the Natura, it is a natural barrier to the development of such phenomena.  And yet in this law people are left unprotected from the cold.  They are energy poor, because they cannot with their meager income warm themselves with these energy prices.  It is a challenge to plunder the forests and mountains of our country for profit.  Something the big groups of green energy and at the same time this energy is paid for by the Greek people. ","  Ο άγνωστα που η υπόθεση και οι πλαγιές του γεμίζουν ή ετοιμάζονται να γεμίσουν από αιολικά από φωτοβολταϊκά πάρκα με σημαντικές επιπτώσεις και στο περιβάλλον, ιδιαίτερα στη δημιουργία πλημμυρικών φαινομένων μάλιστα  Στο βόρειο κομμάτι του νομού, που αποτελεί τμήμα νατουρα, συνιστά φυσικό εμπόδιο στην ανάπτυξη τέτοιων φαινομένων  Και όμως σε αυτό το νόμο ο κόσμος μένει απροστάτευτος από το κρύο  Είναι ενεργειακά πάμφτωχους, γιατί δεν μπορεί με το πενιχρό εισόδημα που διαθέτει να ζεσταθεί με αυτές τις τιμές στην ενέργεια  Είναι πρόκληση να λεηλατούνται τα δάση και τα βουνά της πατρίδας μας για να σκάνε στα κέρδη  Κάτι οι μεγάλοι όμιλοι της πράσινης ενέργειας και την ίδια ώρα αυτή η ενέργεια να τη χρυσοπληρώνει ο ελληνικός λαός",environment,other,wind energy,wind turbines,-0.75,0.9,0.5,0.7,0.4,0.75,0.0,0.4,"[['natura', 'organization', '1.0'], ['greek', 'nationality', '1.0']]","[['natura', 'organization', '1.0'], ['greek', 'group of people', '1.0']]"
30," This path of development served by the new democracy, but also by SYRIZA for Paso.  Anyway, the rest of them closed the door to thousands of young men and women of the prefecture of Serres and led them, lead them to economic migration, put them in the same position in which their grandparents found themselves 60 years ago with that great wave of migration.  that our country experienced after the war, this road leads the prefecture of Serres to the largest population decline in this decade and the rapid fall in per capita income.  Both with the new democracy and with SYRIZA.  Our county is languishing in some municipalities. "," Αυτός ο δρόμος ανάπτυξης που υπηρετεί η νέα δημοκρατία, αλλά και ο ΣΥΡΙΖΑ για το Πάσο  Οι υπόλοιποι τέλος πάντων έκλεισαν την πόρτα σε χιλιάδες νέους και νέες του νομού Σερρών και τους οδήγησαν, τους οδηγούν στην οικονομική μετανάστευση, τους έβαλαν στην ίδια θέση στην οποία βρέθηκαν οι παππούδες τους πριν 60 και βάλε χρόνια με εκείνο το μεγάλο κύμα μετανάστευσης  που γνώρισε η χώρα μας μεταπολεμικά αυτός ο δρόμος οδηγεί το νομό Σερρών στη μεγαλύτερη μείωση πληθυσμού σε αυτή τη δεκαετία και στη ραγδαία πτώση του κατά κεφαλήν εισοδήματος  Τόσο με τη νέα δημοκρατία όσο και με τον ΣΥΡΙΖΑ  Ο νομός μας μαραζώνει σε ορισμένους δήμους",employment,employment,youth,population decline,-0.5,0.4,0.1,0.2,0.1,0.2,0.0,0.0,"[['syriza', 'organization', '0.6'], ['paso', 'organization', '0.5'], ['serres', 'location', '0.9']]","[['new democracy', 'political party', '0.95'], ['syriza', 'political party', '0.95'], ['paso', 'organization', '0.80'], ['serres', 'location', '0.90'], ['country', 'country', '0.80'], ['60 years ago', 'date', '0.70'], ['after the war', 'date', '0.70'], ['decade', 'date', '0.60']]"
31," In fact, the population fell by a third in this decade.  Soon the villages will be deserted.  All the villages that are already deserted, but the towns will also be deserted. "," Μάλιστα ο πληθυσμός μειώθηκε κατά το εν τρίτον σε αυτή τη δεκαετία  Σε λίγο θα ερημώσουν τα χωριά  Όλα τα χωριά που ήδη είναι ερημωμένα, αλλά θα ερημώσουν και οι κωμοπόλεις",other,other,other,population decline,-0.9,0.9,0.0,0.2,0.0,0.0,0.0,0.0,[],[]
32," How can a young man, a young woman, live in truth when the cost of production, the taxes on farmers are loops that are tightening around their necks?  How to live for a young worker who arrived to emigrate to Bulgaria and work there for a good wage, when there is unemployment.  Here the tissues are in the trough very low. "," Πώς να ζήσει αλήθεια ένας νέος, μια νέα, όταν το κόστος παραγωγής, η φορολογία στους αγρότες είναι θηλιές που σφίγγουν στο λαιμό τους  Πώς να ζήσει ένας νέος εργάτης που έφτασε να μεταναστεύει στην Βουλγαρία και να δουλεύει εκεί για ένα καλό μεροκάματο, όταν υπάρχει ανεργία  Εδώ οι ιστοί είναι στα τάρταρα πολύ χαμηλή",employment,employment,employment,youth struggle,-0.8,0.4,0.0,0.2,0.0,0.8,0.2,0.0,"[['bulgaria', 'location', '0.7']]","[['bulgaria', 'location', '0.8'], ['unemployment', 'group of people', '0.6']]"
33," How can a young person live in a region when there is no serious infrastructure in culture, in sport, when all this is put in the balance for profit?  Then the capitalist development grows, the obstacles grow, the difficulties for a young man, a young woman to live in this beautiful and otherwise very rich place, the difficulties to have a family, to have the necessary infrastructure to support his family, his social life.  These problems that you are experiencing. "," Πώς να ζήσει ένας νέος σε μια περιοχή όταν δεν υπάρχουν σοβαρές υποδομές στον πολιτισμό, στον αθλητισμό, όταν όλα αυτά μπαίνουν στο ζύγι του κέρδους  Τότε η καπιταλιστική ανάπτυξη μεγαλώνει, τα εμπόδια μεγαλώνει τις δυσκολίες για να μπορεί να ζήσει ένας νέος, μια νέα στον πανέμορφο αυτό και κατά τα άλλα πολύ πλούσιο τόπο δυσκολίες για να κάνει οικογένεια να έχει απαραίτητες υποδομές, για να στηρίξει την οικογενειακή, την κοινωνική του ζωή  Αυτά τα προβλήματα που τα ζείτε",infrastructure,infrastructure,other,infrastructure,-0.8,0.4,0.0,0.1,0.0,0.4,0.2,0.0,[],"[['young person', 'person', '1.0'], ['capitalist development', 'organization', '1.0'], ['young man', 'person', '1.0'], ['young woman', 'person', '1.0']]"
34," Millions of workers are also living them.  Millions of thousands of self-employed farmers and professionals across the country have the stamp, but all of this and the current and previous governments, as well as the stamp has the stamp of accuracy, low pensions plundered by the unstoppable, increases in all commodities.  Friends, compañeras and compañeros. "," Τα ζουν άλλωστε και εκατομμύρια εργαζόμενοι  Εκατομμύρια χιλιάδες αγρότες αυτοαπασχολούμενοι επαγγελματίες σε όλη τη χώρα έχουν τη σφραγίδα, όμως όλα αυτά και της σημερινής και των προηγούμενων κυβερνήσεων, όπως τη σφραγίδα τους έχει και η ακρίβεια, Οι χαμηλές συντάξεις που λεηλατούνται από τις ασταμάτητες, αυξήσεις σε όλα τα εμπορεύματα  Φίλες και φίλοι, συντρόφισσες και σύντροφοι",economy,economy,inflation,pensions,0.0,0.8,0.0,0.3,0.2,0.5,0.0,0.0,[],"[['(millions of) workers', 'group of people', '1.0'], ['(millions of thousands of) self-employed farmers and professionals', 'group of people', '1.0'], ['(current and previous) governments', 'organization', '1.0'], ['(stamp)', 'organization', '0.67'], ['(low) pensions', 'organization', '0.33'], ['(all) commodities', 'organization', '0.33'], ['(friends)', 'group of people', '1.0'], ['(compañeras y compañeros)', 'group of people', '1.0']]"
35," The government of the New Democracy is indeed worse than the previous government of SYRIZA.  Like SYRIZA's, it was worse than the previous government of New Democracy and PASOK, from whom it took over.  And so it goes on and on, one worse than the other, because it is getting worse and worse for the working class, for our people, this rotten system.  All these will.  Gall for. "," Η κυβέρνηση της Νέας Δημοκρατίας είναι όντως χειρότερη από την προηγούμενη κυβέρνηση του ΣΥΡΙΖΑ  Όπως και αυτή του ΣΥΡΙΖΑ, ήταν χειρότερη από την προηγούμενη κυβέρνηση της Νέας Δημοκρατίας και του ΠΑΣΟΚ, από τους οποίους πήρε τη σκυτάλη  Και έτσι πάει λέγοντας η μιά χειρότερη από την άλλη, γιατί όλο και χειρότερο γίνεται για την εργατική τάξη για το λαό μας αυτό το σάπιο σύστημα  Όλες αυτές θα  Gall για",criticism,other,working class,government,-0.5,1.0,0.5,0.5,0.8,0.8,0.0,0.0,"[['new democracy', 'org', '0.85'], ['syriza', 'org', '0.8'], ['pasok', 'org', '0.6']]","[['new democracy', 'organization', '0.8'], ['syriza', 'political party', '0.8'], ['new democracy', 'organization', '0.7'], ['pasok', 'political party', '0.5']]"
36," All these years the governance of the new Republic has had a divine gift.  We would say, you had an opposition like SYRIZA that voted for half of its bills and a PASOK that voted for 70% of these bills of New Democracy.  So it had an opposition that you don't exactly call it an opposition, because you'd be doing it an injustice.  How can one characterize the we'll account after remembering where SYRIZA is in Pallini A letting the new democracy continue to dismantle the public health system and strengthen in 1000 two ways, the private sector.    How can one characterize the attitude towards anti-worker laws, when in the most emblematic law, that of Hadjidakis, SYRIZA voted for the half of the man, thus legitimizing all the anti-worker content of the law?   Also, how can one forget his attitude towards the new framework law on universities, which he may have voted against in Parliament, but his members, his organisations all over Greece, are still leading the way in its implementation, and nominating candidates to these notorious councils that are one of the key elements of the business operation of the university that this reactionary law passed, not to mention its attitude towards the struggles to put obstacles in the way of the New Democracy government's policy.  Did anyone see him anywhere, either here in Serres, but all over Greece, did anyone see PASOK, whose members in the trade union movement here, for example, in the Labour Centre, up to now. "," Όλα αυτά τα χρόνια η διακυβέρνηση της νέας Δημοκρατίας είχε και ένα θείο δώρο  Θα λέγαμε, είχε μια αξιωματική αντιπολίτευση όπως ήταν αυτή του ΣΥΡΙΖΑ που ψήφισε τα μισά νομοσχέδια της και ένα ΠΑΣΟΚ που ψήφισε το 70% αυτών των νομοσχεδίων της Νέας Δημοκρατίας  Είχε δηλαδή μια αντιπολίτευση που δεν τη λες και ακριβώς αντιπολίτευση, γιατί θα την αδικήσεις  Πώς μπορεί να χαρακτηρίσει κάποιος το θα λογαριαστούμε μετά το θυμάστε πού είναι ο ΣΥΡΙΖΑ στην Παλλήνη Α αφήνοντας τη νέα δημοκρατία να συνεχίζει να διαλύει το δημόσιο σύστημα υγείας και να ενισχύει με 1000 δυο τρόπους, τον ιδιωτικό τομέα    Πώς να χαρακτηρίσει κανείς τη στάση απέναντι στους αντεργατικούς νόμους, όταν στον πιο εμβληματικό νόμο αυτόν του χατζιδάκι ψήφισε Τα μισά του ανθρώπου ΣΥΡΙΖΑ, νομιμοποιώντας έτσι όλο αυτό το αντεργατικό περιεχόμενο που είχε ο νόμος   Επίσης, πώς να ξεχάσει κανείς τη στάση του απέναντι στο νέο νόμο πλαίσιο στα πανεπιστήμια που μπορεί, προσέξτε, να τον καταψήφισε μέσα στη Βουλή, όμως τα στελέχη του, οι οργανώσεις του ανά την Ελλάδα, πρωτοστατούν και σήμερα στην εφαρμογή του, θέτοντας και υποψηφιότητες σε αυτά τα περιβόητα συμβούλια που είναι ένα από τα βασικά στοιχεία της επιχειρηματικής λειτουργίας του πανεπιστημίου που ψήφισε αυτός ο αντιδραστικός νόμος Για να μην αναφερθούμε στη στάση του απέναντι στους αγώνες για να μπουν εμπόδια στην πολιτική της κυβέρνησης της Νέας Δημοκρατίας  Τον είδε κανείς πουθενά, είτε εδώ στις Σέρρες, αλλά και σε όλη την Ελλάδα είδε κανείς το ΠΑΣΟΚ που τα στελέχη του στο συνδικαλιστικό κίνημα εδώ, για παράδειγμα, στο Εργατικό κέντρο μέχρι τώρα",other,other,other,greek politics,-0.8,0.8,0.8,0.6,0.7,0.4,0.0,0.1,"[['republic', 'organization', '0.9'], ['syriza', 'organization', '0.9'], ['pasok', 'organization', '0.9'], ['new democracy', 'organization', '0.9'], ['pallini a', 'location', '0.5'], ['hadzidakis', 'person', '0.5'], ['greece', 'location', '0.9'], ['parliament', 'organization', '0.5'], ['university', 'organization', '0.9'], ['labour centre', 'organization', '0.5']]","[['pasok', 'political party', '0.8'], ['syriza', 'political party', '0.8'], ['new democracy', 'political party', '0.8'], ['greece', 'country', '0.8'], ['pallini a', 'location', '0.5'], ['parliament', 'location', '0.5'], ['serres', 'location', '0.5'], ['labour centre', 'organization', '0.5'], ['university', 'organization', '0.5']]"
37," They had not taken a decision and had not supported any mobilization for the crimes in Tempe.  Think about who the Mitsotakis government had as a real opponent against the attack that SYRIZA, KINAL and the Greek solution unleashed on the people for so many years on day 25.  What was the force that exposed the unacceptable government propaganda on individual responsibility.  Which highlighted the huge gaps in the health system.  Who in law here fought a real battle for the health of the people was it not the communists and communists through their unions in the hospital, in their associations elsewhere who stood in the front line with the slogan under the mask we have a voice, it was not Mr.  E Y who broke the terror and quarantine bans with that historic gathering.  At Syntagma, on the first of May will. "," Δεν είχαν πάρει απόφαση και δεν είχαν στηρίξει καμιά κινητοποίηση για τα έγκλημα στα Τέμπη  Σκεφτείτε ποιον είχε πραγματικό αντίπαλο η κυβέρνηση του Μητσοτάκη απέναντι στην επίθεση που εξαπέλυσε τόσα χρόνια στο λαό το ΣΥΡΙΖΑ, το ΚΙΝΑΛ και την ελληνική λύση το μέρα 25  Ποια ήταν η δύναμη που αποκάλυψε την απαράδεκτη κυβερνητική προπαγάνδα περί ατομικής ευθύνης  Που ανέδειξε τα τεράστια κενά στο σύστημα υγείας  Ποιος στο νόμο εδώ έδωσε μάχη πραγματική για την υγεία του λαού δεν ήταν οι κομμουνιστές και οι κομμουνίστριες μέσα από τα σωματεία τους στο νοσοκομείο, στους συλλόγους τους αλλού που στάθηκαν στην πρώτη γραμμή με το σύνθημα κάτω από τη μάσκα έχουμε φωνή, δεν ήταν το κ κ  Ε Υ που έσπαγε την τρομοκρατία και τις απαγορεύσεις της καραντίνας με την ιστορική εκείνη συγκέντρωση  Στο Σύνταγμα, την πρώτη Μάη θα",health,health,other,government response to crimes in tempe,0.0,0.1,0.0,0.2,0.4,0.4,0.0,0.0,"[['mitsotakis government', 'org', '0.8'], ['syriza', 'org', '0.9'], ['kinal', 'org', '0.9'], ['greek solution', 'misc', '0.7'], ['tempe', 'loc', '0.5'], ['communists', 'misc', '0.7'], ['e y', 'per', '0.5'], ['syntagma', 'loc', '0.6'], ['may', 'misc', '0.4']]","[['mitsotakis government', 'organization', '0.8'], ['syriza', 'political party', '1.0'], ['kinal', 'political party', '1.0'], ['greek solution', 'organization', '0.7'], ['tempe', 'location', '1.0'], ['communists', 'group of people', '0.8'], ['e y', 'person', '0.6'], ['syntagma', 'location', '1.0'], ['first of may', 'date', '1.0.']]"
38," Giving November to the Polytechnic, then a Disciplining the laws of repressive intensity, it was not the class forces, the pioneer militants, the communists who declared the first strike in Europe in those black conditions.  And all because Mr. Mr.  During all these years of the New Democracy government, it has done what it promised to the people.  He was at the forefront of the working people's opposition and struggle, he managed with his forces to develop important working people's struggles that today inspire workers of all sectors, such as in LARCO, in the piers of the world, in efood and so he continues everywhere.  The KKE proved and proves what the people will save the people with every KKE possible.  Because when the government of the New Democracy discovered as the only means of protection in the fires, not the fire-fighting means, not the prevention measures, not the.  What about getting firefighters to staff other infrastructure to build, but the 112 people were the people and Mr. E fighting along with the firefighters to build firebreaks, to stop the devastation.  The people were fighting to save themselves, because when the government of the New Democracy was also loosening its hands, let it grow.  In order to attack labour rights with the Hatzidakis law, SYRIZA and the other parties said that strikes are not going to do anything.  The communists were also the pioneer workers who managed to prevent the application of this law, to freeze it in practice by their struggle, saving themselves.  Because when the government, the state and the crows like the crows of New Democracy were preparing to plunder the homes of the people, the MPs who, together with the struggling people, stopped and continue to stop the auctions, the confiscations, the evictions. After all, friends and comrades, no bourgeois government, no government that swears allegiance to big capital, to the European Union, to NATO, is going to save the people.  The Mr. Mr. "," Δίνοντας το Νοέμβρη στο Πολυτεχνείο, τότε α Πειθαρχώντας στους νόμους της έντασης της καταστολής, δεν ήταν οι ταξικές δυνάμεις, οι πρωτοπόροι αγωνιστές, οι κομμουνιστές που κήρυξαν την πρώτη απεργία στην Ευρώπη σε εκείνες τις μαύρες συνθήκες  Και όλα αυτά γιατί το κ κ  Ε  όλα αυτά τα χρόνια της διακυβέρνησης της Νέας Δημοκρατίας έκανε πράξη αυτό που υποσχέθηκε στον λαό  Ήταν στην πρώτη γραμμή της εργατικής λαϊκής αντιπολίτευσης και πάλης κατάφερε με τις δυνάμεις του να αναπτυχθούν σημαντικοί εργατικοί λαϊκοί αγώνες που σήμερα εμπνέουν τους εργαζόμενους όλων των κλάδων, όπως στη ΛΑΡΚΟ, στις προβλήτες της κόσκο, στην efood και έτσι συνχίζει παντού  Το ΚΚΕ απέδειξε και αποδεικνύει τι θα πει ο λαός σώζει το λαό με κάθε ΚΚΕ δυνατό  Γιατί όταν η κυβέρνηση της Νέας Δημοκρατίας ανακάλυψε ως μοναδικό μέσο προστασίας μέσα στις πυρκαγιές, όχι τα μέσα πυρόσβεσης, όχι τα μέτρα πρόληψης, όχι την  Τι το να πάρει προσωπικό ο πυροσβέστες για άλλες υποδομές να φτιάξει, αλλά το 112 ο λαός ήταν και το κ κ Ε  που πάλευε μαζί με τους πυροσβέστες να φτιάξει αντιπυρικές ζώνες, να σταματήσει τον όλεθρο  Ο λαός πάλευε για να σώσει δηλαδή τον εαυτό του, γιατί όταν επίσης η κυβέρνηση της Νέας Δημοκρατίας έλυνε τα χέρια της μεγαλώσει ας  Για να χτυπηθούν τα εργασιακά δικαιώματα με το νόμο Χατζηδάκη και ο ΣΥΡΙΖΑ και τα άλλα κόμματα έλεγαν ότι με τις απεργίες δεν γίνεται και τίποτα  Οι κομμουνιστές ήταν και οι πρωτοπόροι εργάτες που κατάφεραν να εμποδίσουν την εφαρμογή αυτού του νόμου να τον παγώσουν στην πράξη με τον αγώνα τους σώζοντας οι ίδιοι τον εαυτό τους  Γιατί όταν η κυβέρνηση, το κράτος και τα κοράκια σαν τους πατσίδες της Νέας Δημοκρατίας, ετοιμάζονταν να λεηλατήσουν τα σπίτια του κοσμάκη οι βουλευτές που κ κ Έ μαζί με τον αγωνιζόμενο λαό σταματούσαν και συνεχίζουν να σταματούν τους πλειστηριασμούς, τις κατασχέσεις, τις εξώσεις Άλλωστε φίλοι και σύντροφοι καμιά αστική κυβέρνηση από αυτές καμιά κυβέρνηση που ορκίζεται πίστη στο μεγάλο κεφάλαιο στην Ευρωπαϊκή Ένωση, στο ΝΑΤΟ, δεν πρόκειται να σώσει το λαό  Το κ κ",political parties,democracy,workers' rights,working class struggles,0.0,0.9,0.9,0.7,0.7,0.9,0.0,0.0,"[['november', 'date', 'n/a'], ['polytechnic', 'organization', 'n/a'], ['europe', 'location', 'n/a'], ['new democracy', 'organization', 'n/a'], ['larco', 'organization', 'n/a'], ['efood', 'organization', 'n/a'], ['kke', 'organization', 'n/a'], ['112', 'number', 'n/a'], ['mr. e', 'person', 'n/a'], ['hatzidakis', 'law', 'n/a'], ['syriza', 'organization', 'n/a'], ['nato', 'organization', 'n/a']]","[['polytechnic', 'organization', '0.5'], ['europe', 'location', '0.5'], ['new democracy', 'political party', '1.0'], ['larco', 'organization', '1.0'], ['efood', 'organization', '1.0'], ['kke', 'political party', '1.0'], ['hatzidakis', 'person', '1.0'], ['syriza', 'political party', '1.0'], ['nato', 'organization', '1.0']]"
39," E is the guarantee.  Our people can trust it, rely on it to launch a new counter-attack against the real and the unjust.  But instead of over.  The one that remains unchanged when one after another, the various governments change one after the other, that is, the very power of capital. "," Ε είναι η εγγύηση  Ο λαός μας μπορεί να το εμπιστευτεί, να στηριχτεί πάνω του για να σαλπίσει μια νέα αντεπίθεση απέναντι στον πραγματικό  Όμως, αντί πάνω  Αυτόν που μένει απαράλλακτος όταν αλλάζουν η μία πίσω από την άλλη, οι διάφορες κυβερνήσεις, δηλαδή την ίδια την εξουσία του κεφαλαίου",economy,corruption,other,capitalism,0.0,0.15,0.0,0.7,0.5,0.2,0.0,0.0,"[['e', 'unknown', '0.92']]","[['e', 'organization', '0.7']]"
40," Especially those who used to trust SYRIZA, who really had the expectation that a government of the so-called Left could really mean the end of the memoranda and their measures, that a government that talks the talk and slaps its hand on the table twice can change things radically.  We tell them that today they can think about all these issues better.  Because others have got today, like most of them, to think when, in good faith, many of them told us that if the button in such a supposedly progressive government, perhaps it would guarantee the course and the progressive choices, that the intentions of SYRIZA and its own leadership when it addressed us the call of 2012 or 2015, that perhaps they were telling us happened.  Think of them we say. "," Ειδικά, αυτοί και αυτές που παλιότερα εμπιστεύτηκαν τον ΣΥΡΙΖΑ, που είχαν πραγματικά την προσδοκία πως μπορεί μια κυβέρνηση της ονομαζόμενης Αριστεράς να σημάνει πραγματικά το τελος των μνημονιων και των μέτρων τους, πώς μια κυβέρνηση που θα λέει λόγια και θα χτυπήσει το χέρι στο τραπέζι Κανά δυο φορές μπορεί να αλλάξει και ριζικά τα πράγματα  Τους λέμε ότι σήμερα μπορεί να τα σκεφτούν όλα αυτά τα ζητήματα καλύτερα  Γιατί έχουν και άλλοι πήρα σήμερα, όπως και οι περισσότεροι, να σκεφτούν όταν, καλοπροαίρετα, πολλοί απ αυτούς μας έλεγαν πως αν το κουμπί σε μια τέτοια δήθεν κυβέρνηση προοδευτική, ίσως θα αποτελέσει εγγύηση για την πορεία και τις προοδευτικές τις επιλογές, πως οι προθέσεις και του ΣΥΡΙΖΑ και της ίδιας της ηγεσίας του όταν μας απηύθυνε το κάλεσμα του 2012 ή Το 2015, ότι ίσως τα λένε σ εμάς συνέβη  Σκεφτείτε τους λέμε",criticism,corruption,other,syriza,-0.5,0.5,0.2,0.1,0.3,0.3,0.4,0.0,"[['syriza', 'organization', '4.2', 'left', 'ideology', '1.0']]","[['syriza', 'organization', '0.9'], ['left', 'political party', '0.6'], ['memoranda', 'political party', '0.4'], ['government', 'organization', '0.7'], ['leadership', 'group of people', '0.5'], ['2012', 'date', '0.9'], ['2015', 'date', '0.9']]"
41, What would happen today with the 57 dead in Tempe.  If Mr. Mr.  E had supported or tolerated at least one government of SYRIZA ANEL that in 2017 privatized OSE.  Would or would not Mr. E be an accomplice in the frame of the guilty for. , Τι θα γίνονταν σήμερα με τους 57 νεκρούς στα Τέμπη  Αν το κ κ  Ε  είχε στηρίξει ή ανεχτεί έστω μια κυβέρνηση του ΣΥΡΙΖΑ ΑΝΕΛ που το 2017 έκανε την ιδιωτικοποίηση του ΟΣΕ  Θα ήταν ή δεν θα ήταν και το κ κ Ε  συνένοχο στο κάδρο των ενόχων για,privatization,privatization,hospital privatization,tempe incident,-0.5,0.7,0.5,0.5,0.8,0.8,0.0,0.2,"[['tempe', 'location', '1.0'], ['mr. e', 'person', '1.0'], ['syriza', 'organization', '1.0'], ['anel', 'organization', '1.0'], ['2017', 'date', '1.0'], ['ose', 'organization', '1.0']]","[['tempe', 'location', '0.5'], ['mr. e', 'person', '1.0'], ['syriza anel', 'political party', '1.0'], ['ose', 'organization', '0.6'], ['2017', 'date', '1.0']]"
42," Gall for.  All those who then wanted us in such a government are happy.  We believe for our stand, they feel a truly redemptive relief, even after the fact, because in this way we can be at the forefront of these great and shocking mobilizations that we are living through, so that the whole truth can finally shine.  The position we are taking today is precisely because we have a programme.  Scientifically elaborated programme of popular workers' governance of power.  We are ready when the working class, the Greek people themselves elect us to assume our responsibility in such a popular government, where the protagonists will be the producers of wealth themselves and not the drones who steal it in such a power of the workers.  Where the people will not be spectators, simply with a vote every 4 years, where democracy will not stop outside the gates of factories or at the entrances of department stores, but every productive unit will be a hive, not only of labour creation, but also of democracy, debate, militant voluntary initiative.  So in such a governance power.  In which Mr. Mr. "," Gall για  Όλοι αυτοί που τότε μας ήθελαν μέσα σε μια τέτοια κυβέρνηση χαίρονται  Πιστεύουμε για τη στάση μας, νιώθουν πραγματικά λυτρωτική ανακούφιση, έστω και εκ των υστέρων, γιατί έτσι μπορούμε να είμαστε στην πρώτη γραμμή αυτών των μεγαλειωδών και συγκλονιστικών κινητοποιήσεων που ζούμε για να λάμψει επιτέλους όλη η αλήθεια  Η θέση που παίρνουμε σήμερα είναι ακριβώς γιατί έχουμε πρόγραμμα  Επιστημονικά επεξεργασμένο πρόγραμμα λαϊκής εργατικής διακυβέρνησης εξουσίας  Είμαστε έτοιμοι όταν η εργατική τάξη, ο ίδιος ο ελληνικός λαός στο εκλέξει να αναλάβουμε την ευθύνη μας σε μια τέτοια λαϊκή διακυβέρνηση, όπου πρωταγωνιστές θα είναι οι ίδιοι οι παραγωγοί του πλούτου και όχι οι κηφήνες που τον κλέβουν σε μια τέτοια εξουσία των εργαζομένων  Όπου ο λαός δεν θα είναι θεατής, απλά με μία ψήφο κάθε 4 χρόνια που η δημοκρατία δεν θα σταματάει έξω από τις πύλες των εργοστασίων ή στις εισόδους των πολυκαταστημάτων, αλλά κάθε παραγωγική μονάδα θα είναι κυψέλη, όχι μόνο εργασιακής δημιουργίας, αλλά και δημοκρατίας, συζήτησης, αγωνιστικής εθελοντικής πρωτοβουλίας  Σε μια τέτοια λοιπόν, διακυβέρνηση εξουσία  Όπου θα συμμετέχει το κ κ",elections,elections,workers' rights,government,0.0,1.0,0.0,0.1,0.5,0.3,0.0,0.0,"[['greece', 'location', '0.5'], ['greek', 'nationality', '0.5'], ['workers', 'group', '1.0'], ['4 years', 'time', '0.5']]","[['greek people', 'group of people', 'popular workers', 'working class', 'producers of wealth', 'drones', 'democracy', 'productive unit', 'mr. (person)']]"
43," Ε.  The elected representatives of the people will be truly accountable to those who elected them.  There will be the possibility of control and recall every crucial bill or decision will be discussed down to the bottom within all the people, within the workplaces, within the workers' popular assemblies.  In this working people's power. "," Ε   Οι εκλεγμένοι αντιπρόσωποι του λαού θα λογοδοτούν πραγματικά σε αυτούς που τους εξέλεξαν  Θα υπάρχει η δυνατότητα του ελέγχου και της ανάκλησης κάθε κρίσιμο νομοσχέδιο ή απόφαση θα συζητιέται μέχρι κάτω μέσα σ όλο το λαό, μέσα στους χώρους δουλειάς, μέσα στις εργατικές λαϊκές συνελεύσεις  Σε αυτή την εργατική λαϊκή εξουσία",democracy,accountability,other,accountability,1.0,0.1,0.0,0.0,0.0,0.8,0.5,0.0,[],[]
44," The deepest and broadest concept of freedom and democracy can take shape, all discrimination, all coercion and above all the exploitation of man by man will be abolished.  The only coercion will be the prohibition of exploitation in this power.  It will unleash the unprecedented potential that exists in production.  It exploits the great advantages of our country, the rich soils, the exceptional climatic conditions, the significant mineral wealth, the potential for real green energy from all domestic energy sources, the rich experience of the workers, the scientific achievements, the whole economy, every space, every infrastructure.  Every productive activity will converge through the central plan to a basic law, that is, the satisfaction of modern social needs and not the satisfaction of profit for a few.  Such governance will break the shackles of the country's international unequal relations and agreements.  It will liberate the country, it will free it from the delusion of the European Union and NATO. "," Μπορεί να πάρει σάρκα και οστά η πιο βαθιά και πλατιά έννοια της ελευθερίας και της δημοκρατίας θα καταργηθεί κάθε διάκριση, κάθε καταναγκασμός και πρώτα απ όλα η εκμετάλλευση ανθρώπου από άνθρωπο  Ο μόνος καταναγκασμός θα είναι η απαγόρευση της εκμετάλλευσης σε αυτή την εξουσία  Θα απελευθερωθούν οι πρωτόγνωρες δυνατότητες που υπάρχουν στην παραγωγή  Αξιοποιεί τα μεγάλα πλεονεκτήματα του τόπου μας, τα πλούσια εδάφη, οι εξαιρετικές κλιματολογικές συνθήκες, ο σημαντικός ορυκτός πλούτος, οι δυνατότητες για πραγματική πράσινη ενέργεια από όλες τις εγχώριες πηγές ενέργειας θα αξιοποιηθεί η πλούσια πείρα των εργαζομένων, τα επιστημονικά επιτεύγματα, όλη η οικονομία, κάθε χώρος, κάθε υποδομή  Κάθε παραγωγική δραστηριότητα θα συγκλίνει μέσω του κεντρικού σχεδίου σε ένα βασικό νόμο, δηλαδή στην ικανοποίηση των σύγχρονων κοινωνικών αναγκών και όχι στην ικανοποίηση του κέρδους για λίγους  Μια τέτοια διακυβέρνηση θα σπάσει τα δεσμά των διεθνών ανισότιμων σχέσεων και συμφωνιών της χώρας  Θα αποδεσμεύσει τη χώρα, θα την απελευθερώσει από την πλάνη της Ευρωπαϊκής Ένωσης και του ΝΑΤΟ",democracy,democracy,economic equity,freedom and democracy,0.0,0.9,0.9,0.2,0.5,0.8,0.5,0.0,[],"[['european union', 'organization', '0.9'], ['nato', 'organization', '0.9'], ['country', 'location', '0.8'], ['potential', 'group of people', '0.6'], ['workers', 'group of people', '0.6'], ['central plan', 'organization', '0.6']]"
45," Carry out bilateral agreements on an equal basis with other countries today.  There is a solution to build a very modern and safe transport network.  There is a solution so that we do not depend on food and not only in this rich and blessed land of ours.  There is a solution for dealing with the flooding phenomena of strong earthquakes, making use of scientific achievements with integrated planning and, above all, prevention.  Today the conditions have been created scientifically for a primary health care system, hospitals, fully staffed with all specialties and with all modern means. "," Να πραγματοποιήσει διμερείς συμφωνίες σε ισότιμη βάση με άλλες χώρες σήμερα  Υπάρχει λύση για να φτιάξουμε ένα πολύ σύγχρονο και ασφαλή δίκτυο στις μεταφορές  Υπάρχει λύση για να μην εξαρτόμαστε διατροφικά και όχι μόνο σε αυτό τον πλούσιο τον ευλογημένο τόπο μας  Υπάρχει λύση για την αντιμετώπιση των πλημμυρικών φαινομένων των ισχυρών σεισμών, αξιοποιώντας τα επιστημονικά επιτεύγματα με ολοκληρωμένο σχεδιασμό και κυρίως πρόληψη  Σήμερα έχουν δημιουργηθεί επιστημονικά οι όροι για να υπάρχει σύστημα πρωτοβάθμιας φροντίδας υγείας, νοσοκομείων, πλήρως στελεχωμένων με όλες τις ειδικότητες και με όλα τα σύγχρονα μέσα",infrastructure,infrastructure,science and research,development,0.5,0.05,0.1,0.1,0.1,0.2,0.0,0.0,[],"[['today', 'date', '1.0'], ['countries', 'group of people', '0.6'], ['transport network', 'organization', '0.7'], ['food', 'organization', '0.4'], ['land', 'location', '0.6'], ['flooding phenomena', 'organization', '0.5'], ['strong earthquakes', 'organization', '0.7'], ['scientific achievements', 'organization', '0.4'], ['integrated planning', 'organization', '0.4'], ['prevention', 'organization', '0.4'], ['primary health care system', 'organization', '0.6'], ['hospitals', 'organization', '0.5.']]"
46," For this we need to remove the basic obstacle, which is none other than capitalist profit.  That is why we are on the road to conflict with the real opponent.  The one that all the other parties hide because they serve it and it's capitalism. ", Για αυτό χρειάζεται να βγάλουμε από τη μέση το βασικό εμπόδιο που δεν είναι άλλο από το καπιταλιστικό κέρδος  Γι αυτό βαδίζουμε στο δρόμο της σύγκρουσης με τον πραγματικό αντίπαλο  Αυτόν που όλα τα άλλα κόμματα κρύβουν γιατί τον υπηρετούν και είναι ο καπιταλισμός αυτός,other,other,other,capitalism,-0.8,1.0,0.8,0.6,0.2,1.0,0.5,0.2,"[['capitalist profit', 'organization', '0.90'], ['conflict', 'event', '0.60'], ['parties', 'organization', '0.70'], ['capitalism', 'organization', '0.90']]",[]
47," So today you can be sure that Mr.  He does not say words, Pacia is tried and tested, it is the sure choice to write new pages of great decisive struggles to count victories to strengthen solidarity and comradeship to enter the battle.  All well-meaning men of labour, those who cannot bear the heart of the gradualist Mr.  E is the power of the people. "," Σήμερα λοιπόν να είστε σίγουροι πως το κ κ  Ε  δεν λέει λόγια Πάκια είναι δοκιμασμένο, είναι η σίγουρη επιλογή για να γράψουμε νέες σελίδες μεγάλων αποφασιστικών αγώνων για να μετρήσουμε νίκες για να δυναμώσει η αλληλεγγύη και η συντροφικότητα για να μπουν στη μάχη  Όλοι οι καλοπροαίρετοι άνθρωποι του μόχθου, αυτοί που δεν αντέχει η καρδιά του σταδιακού το κ κ  Ε  είναι η δύναμη του λαού",political parties,political parties,other,political leadership,0.5,0.9,0.5,0.3,0.5,0.8,0.5,0.0,"[['mr. he', 'person', '0.9'], ['pacia', 'person', '0.8'], ['mr. e', 'person', '0.8']]","[['1. mr. he', 'person', '0.8'], ['2. pacia', 'organization', '0.8'], ['3. mr. e', 'person', '0.8'], ['4. power of the people', 'group of people', '0.8']]"
48," The hope of being made of the greatest materials of our history and our fighting surrender because each and every Mr. Y does not see each and every one of us simply as a vote at the ballot box, but as a fighter that together we will bring.  The world in the seed of our dreams in the seed of people for our children, for generations to come.  Gal turns.  Every crime, to dawn a world without wars, without barbarism, a world in which our modern needs will have been matched by their profits and will have won, so we will all together, all generations together, open the way to the great, the beautiful.  The shocking socialism, because it will. "," Η ελπίδα του φτιαγμένο από τα πιο σπουδαία υλικά της ιστορίας μας και τον αγωνιστικό μας παραδώσουν γιατί το κάθε κ Υ δεν βλέπει τον καθένα και την καθεμιά απλά σαν ψήφο στην κάλπη, αλλά σαν έναν αγωνιστή που μαζί θα φέρουμε  Τον κόσμο στο μπόι των ονείρων μας στο μπόι των ανθρώπων για τα παιδιά μας, για τις γενιές που έρχονται  Gal γυρίζει  Κάθε έγκλημα, για να ξημερώσει ένας κόσμος χωρίς πολέμους, χωρίς βαρβαρότητα, ένας κόσμος που οι σύγχρονες ανάγκες μας θα έχουν αναμετρηθεί με τα κέρδη τους και θα έχουν νικήσει έτσι θα ανοίξουμε όλοι μαζί όλες οι γενιές μαζί, το δρόμο για το μεγάλο, το ωραίο  Το συγκλονιστικό το σοσιαλισμό, γιατί θα",other,democracy,other,socialism,0.5,0.5,0.0,0.15,0.5,0.75,0.0,0.0,[],"[['mr. y', 'person', 'high probability'], ['gal', 'person', 'high probability'], ['socialism', 'political party', 'high probability']]"
49," Algiers, Goals.  Glass for.  Glass.  "," Αλγέρι, Γκολ  Γυαλ για  Γυαλί",other,other,other,glass production,0.0,0.0,0.0,0.0,0.0,0.0,0.0,0.0,"[['algiers', 'location', '0.875'], ['goals', 'organization', '0.70'], ['glass', 'object', '0.975']]","[['algiers', 'location', '100'], ['goals', 'group of people', '100']]"
