id,text,text_el,topic,topic-context,subtopic,subtopic-context,topic-open,sentiment,polarization,polarization-definition,toxicity,toxicity-definition,populism,populism-definition,hate speech,ner,ner-limited
1,"To begin with, this tragic event in the mosques and what followed.  The huge, unprecedented for the last few years, mobilisations that continue throughout the country, the hundreds of thousands of strikers of last Wednesday.  The outbreak and the stubbornness of the youth of students all over Greece, but also here in the prefecture of Fthiotida fill us with hope and optimism.  All those who strike are demonstrating all those who participate in the initiatives, in schools, colleges, universities, workplaces.  They really become the voice of the dead of the tragedy of Tempi. ","Να ξεκινήσω με, αυτό το τραγικό γεγονός στα τεμένη και ό, τι ακολούθησε  Οι τεράστιες, οι πρωτοφανείς για τα τελευταία χρόνια, κινητοποιήσεις που συνεχίζονται σε όλη τη χώρα, οι εκατοντάδες χιλιάδες απεργοί της περασμένης Τετάρτης  Το ξέσπασμα και το πείσμα της νεολαίας των μαθητών των φοιτητών σε όλη την Ελλάδα, αλλά και εδώ στο νομό της Φθιώτιδας μας γεμίζουν ελπίδα μας γεμίζουν αισιοδοξία  Όλοι όσοι απεργούν διαδηλώνουν όσοι συμμετέχουν στις πρωτοβουλίες, στα σχολεία, τις σχολές, στα πανεπιστήμια, στους χώρους μέσα δουλειάς  Γίνονται πραγματικά η φωνή των νεκρών της τραγωδίας των Τεμπών",other,,youth,,protests,0.8,0.3,0.2,0.2,0.0,0.2,0.0,0.0,"[['tempi', 'tragedy', 'mosques', 'country', 'fthiotida', 'greece']]","[['tempi', 'location', '1.0'], ['greece', 'country', '1.0'], ['fthiotida', 'location', '1.0'], ['wednesday', 'date', '1.0']]"
2," These struggles are the only guarantee that the crime will not be forgotten, that the real people responsible will be identified, that something will finally change and that there will be no more children lost so unjustly in the twenty-first century in 2023.  As far as we are concerned, we will do everything to make the anger, the indignation become an unyielding fight against the real culprits.  Because it's not the bad time, nor the bad country, it's the capitalist profit and those who ruled this country. "," Οι αγώνες αυτοί είναι η μόνη εγγύηση να μην ξεχαστεί το έγκλημα για να αναδειχτούν οι πραγματικοί υπεύθυνοι για να αλλάξει επιτέλους κάτι και να μην υπάρξει άλλο παιδί που θα χαθεί τόσο άδικα τον εικοστό πρώτο αιώνα εν έτει 2023  Σε ό, τι μας αφορά, θα κάνουμε τα πάντα ώστε η οργή, η αγανάκτηση να γίνουν ανυποχώρητος αγώνας ενάντια στους πραγματικούς υπαίτιους  Γιατί δεν φταίει η κακιά η ώρα, ούτε η κακιά Η χώρα φταίει το καπιταλιστικό κέρδος και όσοι κυβέρνησαν αυτή τη χώρα",corruption,,other,,child abduction/murder,-0.5,0.9,0.2,0.2,0.1,0.6,0.2,0.0,"[['2023', 'date', '1.0']]","[['2023', 'date', '1.0'], ['capitalist profit', 'organization', '1.0']]"
3,"We know, of course, that many people are concerned about these mobilisations, because they say that the responsibilities are thus spread throughout the political system and there is a risk of strengthening the anti-systemic attitude and vote.  What they fear is exactly what must be done, what the people must do, because indeed all those who have ruled so far are responsible and indeed the basic responsibility lies with this rotten system of exploitation that they all serve, because it is a system that puts human life on the scales of the cost-benefit ratio.  Now the rage. ","Ξέρουμε βέβαια πως πολλοί και διάφοροι έχουν ανησυχήσει για αυτές τις κινητοποιήσεις, γιατί λένε οι ευθύνες έτσι διαχέονται σε όλο το πολιτικό σύστημα και υπάρχει κίνδυνος να ενισχυθεί η αντισυστημική στάση και ψήφος  Αυτό που φοβούνται είναι αυτό ακριβώς που πρέπει να γίνει που πρέπει να κάνει ο λαός, γιατί όντως ευθύνη έχουν όλοι όσοι κυβέρνησαν μέχρι σήμερα και όντως η βασική ευθύνη βαραίνει αυτό το σάπιο σύστημα της εκμετάλλευσης που όλοι μαζί υπηρετούν, γιατί είναι σύστημα που βάζει την ανθρώπινη ζωή στη ζυγαριά του κόστους οφέλους  Τώρα η οργή",political parties,,other,,political mobilizations,-0.7,0.8,0.5,0.5,0.3,0.6,0.7,0.1,[],"[['people', 'person', '0.5'], ['political system', 'organization', '0.5'], ['anti-systemic attitude', 'organization', '0.5'], ['vote', 'organization', '0.5'], ['rage', 'person', '0.5']]"
4," There is a struggle and it must continue, but a struggle that will take them and lift them and their governments and their state.  All in all, this rotten and corrupt system of theirs must be settled in the thought and action of each and every one of them.   So let the government of the New Democracy, Mr Mitsotakis, not hope that he will avoid condemnation because he postpones a few days to the elections and breaks it in May.  The Greek people, the Greek Youth, do not have such a short memory, which is exactly why let's not hope that the rest of the people, the others, SYRIZA, PASOK, will get away with it, all of them clean. "," Γίνεται αγώνας και έτσι πρέπει να συνεχίσει, αγώνας όμως που θα τους πάρει και θα τους σηκώσει και αυτούς και τις κυβερνήσεις τους και το κράτος τους  Συνολικά το σάπιο αυτό και διεφθαρμένο σύστημά τους αυτό πρέπει να κατασταλάζει στη σκέψη αλλά και στη δράση του καθένα και της καθεμιάς   Ας μην ελπίζει λοιπόν η κυβέρνηση της Νέας Δημοκρατίας ο κύριος Μητσοτάκης ότι θα αποφύγει την καταδίκη επειδή μεταθέτει λίγες μέρες στις εκλογές και τη σπάει το Μάη  Δεν έχουν τόσο κοντή μνήμη ο ελληνικός λαός, η ελληνική Νεολαία ακριβώς γι αυτό ας ας μην ελπίζουν όμως και οι υπόλοιποι, οι άλλοι ο ΣΥΡΙΖΑ το ΠΑΣΟΚ ότι θα τη βγάλουν και αυτοί καθαροί όλοι τους",corruption,,corruption,,political struggle,-0.4,0.5,0.0,0.2,0.0,0.2,0.0,0.0,"[['new democracy', 'organization', '0.6'], ['mitsotakis', 'person', '0.6'], ['greek', 'nationality', '1.0'], ['youth', 'organization', '0.6'], ['syriza', 'organization', '1.0'], ['pasok', 'organization', '1.0']]","[['1. new democracy', 'organization', '1.0'], ['2. mitsotakis', 'person', '1.0'], ['3. greek people', 'group of people', '1.0'], ['4. greek youth', 'group of people', '0.9'], ['5. syriza', 'political party', '1.0'], ['6. pasok', 'political party', '1.0'], ['7. greece', 'country', '1.0'], ['8. may', 'date', '0.95']]"
5," They are guilty and insured.  Now some of the ignorant, because all of them, under the banner of what they call the politics of liberation, have led step by step to this predestined crime that we have reached today.  So let's not dream that they will get away with it and that the elections will somehow act as a valve to decompress popular anger, popular discontent.  That has been building up over the last few years and is now being sparked by this crime in fees for Mr. Mr. "," Είναι ένοχοι και ασφαλιστούν  Τώρα κάποιοι τους ανήξερους, γιατί όλοι τους με σημαία την πολιτική που τη λένε της απελευθέρωσης οδήγησαν βήμα το βήμα εδώ που φτάσαμε σήμερα σε αυτό το προδιαγεγραμμένο έγκλημα  Γι αυτό ας μην ονειρεύονται ότι θα τη βγάλουν καθαρή και ότι οι εκλογές θα λειτουργεί σαν θα λειτουργήσουν κάπως ως βαλβίδα αποσυμπίεσης της λαϊκής οργής, της λαϊκής δυσαρέσκειας  Που έχει μαζευτεί όλα αυτά τα τελευταία χρόνια και πυροδοτείται τώρα και από αυτό το έγκλημα στα τέλη για το κ κ",corruption,,corruption,,crime,-0.8,0.86,0.9,0.6,0.8,0.8,0.8,0.2,"[['none', 'as there are no proper names or other types of named entities in the text.']]","[['mr. mr.', 'person', '0.8'], ['politics of liberation', 'group of people', '0.6'], ['elections', 'date', '0.5']]"
6," ε.  On the contrary, the elections will be an opportunity for this discontent to acquire even more militant, more genuinely radical characteristics, the strengthening of Mr.  E will be the guarantee for this.  Friends and friends we are back here in Lokrida in Kefalochori of Malesina area. "," ε  Αντίθετα, οι εκλογές θα αποτελέσουν μια ευκαιρία ώστε αυτή η δυσαρέσκεια να αποκτήσει ακόμα πιο αγωνιστικά, πιο αυθεντικά γνήσια ριζοσπαστικά χαρακτηριστικά η ενίσχυση του κ κ  Ε θα είναι η εγγύηση για αυτό  Φίλες και φίλοι είμαστε ξανά Εδώ στη Λοκρίδα στο Κεφαλοχώρι της Μαλεσίνας της περιοχής",elections,,other,,elections,0.0,0.1,0.0,0.0,0.0,0.1,0.0,0.0,"[['lokrida', 'location', '1.0'], ['kefalochori', 'location', '1.0'], ['malesina', 'location', '1.0'], ['mr. e', 'person', '1.0']]","[['mr. e', 'person', '0.9'], ['lokrida', 'location', '0.8'], ['kefalochori', 'location', '0.8'], ['malesina', 'location', '0.8']]"
7," And the region of LARCO and we and you and all of Greece are really angry about those who have ruled all these years.  We are angry against a policy that all these people have consciously implemented, in the direction of the European Union, of course, namely the policy of privatisation, of competition, of the rise, as they say, of their own growth indicators. With their politics, they all led us to the end of the line children who never reached their destination parents who will never see their offspring again.  Young people hungry to chase their dreams and parents who toil daily to help them on this journey.  Justifiably with this situation they were terrified. "," Και της περιοχής της ΛΑΡΚΟ και εμείς και εσείς και όλη η Ελλάδα είμαστε πραγματικά οργισμένοι για αυτούς που κυβέρνησαν όλα αυτά τα χρόνια  Είμαστε οργισμένοι απέναντι σε μία πολιτική που συνειδητά εφάρμοσαν όλοι αυτοί με κατεύθυνση βέβαια της Ευρωπαϊκής Ένωσης, δηλαδή την πολιτική των ιδιωτικοποιήσεων, του ανταγωνισμού, της ανόδου, όπως λένε των δικών τους δεικτών ανάπτυξης Με την πολιτική, τους όλοι τους μας οδήγησαν στο έσχατο παιδιά που δεν έφτασαν ποτέ στον προορισμό τους γονείς που δεν θα ξαναδούν ποτέ το βλαστάρι τους  Νέοι που διψούν να κυνηγήσουν τα όνειρά τους και γονείς που μοχθούν καθημερινά για να τους βοηθήσουν σε αυτό το ταξίδι  Δικαιολογημένα με αυτή την κατάσταση τρομοκρατήθηκαν",other,,hospital privatization,,anger towards policy-makers,-0.8,0.85,0.2,0.2,0.4,0.5,0.0,0.0,"[['larco', 'location', '1.0'], ['greece', 'location', '1.0'], ['european union', 'organization', '1.0']]","[['larco', 'location', '1.0'], ['greece', 'country', '1.0'], ['european union', 'organization', '1.0']]"
8," Today, therefore, we must demand that the knife be taken to the bone, that responsibility be held, that we do not allow this crime to be covered up en masse, that we fight, that we ensure that the.  Children all over the world to always reach their destination, to realize their dreams, to demand work, wages, rights that we can cover our needs with dignity, security at work, in the daily life of our families. This can be done today in 2023 and it will be done.  We will see to it with our unyielding action.  With our struggle we know that we have. "," Σήμερα λοιπόν, πρέπει να απαιτήσουμε το μαχαίρι να φτάσει ως το κόκκαλο, να αποδοθούν οι ευθύνες, να μην αφήσουμε να συγκαλυφθεί αυτό το έγκλημα μαζικά, να αγωνιστούμε, να εξασφαλίσουμε  Τα παιδιά όλου του κόσμου να φτάνουν πάντα στον προορισμό τους, να πραγματοποιούν τα όνειρά τους, να διεκδικήσουμε εργασία, μισθούς, δικαιώματα που να μπορούμε να καλύψουμε έτσι με αξιοπρέπεια τις ανάγκες μας, ασφάλεια στην εργασία, στην καθημερινότητα των οικογενειών μας Αυτό μπορεί να γίνει σήμερα το 2023 και αυτό θα γίνει  Θα φροντίσουμε εμείς γι αυτό με την ανυποχώρητη δράση μας  Με τον αγώνα μας γνωρίζουμε ότι έχουμε",other,,other,,social justice,0.0,0.75,0.0,0.0,0.0,0.4,0.2,0.0,[],"[['2023', 'date', '1.0'], ['children', 'group of people', '0.5'], ['families', 'group of people', '0.5']]"
9," We are here tonight in a region that has paid with deaths for the policy that all of them have implemented so far.  Governments know that we are in a region that has heard things over the years to pass this unpopular policy without reaction.  Think about what they said.  For so many years now, the governors and their various parrots in order to proceed with the policy of liberalisation and privatisation of the railways, that the railways are loss-making, that the workers are state-owned, that it must be privatised because the Greek taxpayer pays, that with privatisation there will be investments and we will have safe trains with cheap tickets, that growth will come and jobs will be created.  Does this remind you of anything.  Because they said much the same as we all know about LARCO that LARCO is a loss-making barrel without a bottom, that the workers are spoiled and well paid, they sit and get paid, they live in the settlements and have refrigerator conqueror coolers, that LARCO should be privatized to relieve the Greek taxpayer, that investors will modernize the obsolete facilities.  To operate it safely at work and with respect for the environment and that growth will come with many jobs. "," Βρισκόμαστε απόψε σε μια περιοχή που έχει πληρώσει με νεκρούς την πολιτική που εφάρμοσαν όλες αυτές μέχρι σήμερα  Οι κυβερνήσεις γνωρίζουμε ότι είμαστε σε μια περιοχή που έχει ακούσει διάφορα όλα αυτά τα χρόνια για να περάσει χωρίς αντιδράσεις αυτή η αντιλαϊκή πολιτική  Για σκεφτείτε τι έλεγαν  Τόσα χρόνια τώρα, οι κυβερνώντες και τα διάφορα παπαγαλάκια τους για να προχωρήσει η πολιτική της απελευθέρωσης της ιδιωτικοποίησης των σιδηροδρόμων, ότι ο σιδηρόδρομος είναι ζημιογόνος, ότι οι εργαζόμενοι είναι κρατικοδίαιτοι, ότι πρέπει να ιδιωτικοποιηθεί γιατί πληρώνει ο έλληνας φορολογούμενος ότι με την ιδιωτικοποίηση θα γίνουν επενδύσεις και θα έχουμε ασφαλή τρένα με φτηνό εισιτήριο ότι θα έρθει ανάπτυξη και θα ανοίξουν θέσεις εργασίας  Μήπως σας θυμίζει κάτι όλο αυτό  Γιατί περίπου τα ίδια έλεγαν όπως όλοι ξέρουμε και για τη ΛΑΡΚΟ ότι η ΛΑΡΚΟ είναι ζημιογόνα ένα βαρέλι δίχως πάτο ότι οι εργαζόμενοι είναι κακομαθημένοι και καλοπληρωμένοι, κάθονται και πληρώνονται, μένουν στους οικισμούς και έχουν ψυγείο κατακτητή ψύκτες, ότι η ΛΑΡΚΟ πρέπει να ιδιωτικοποιηθεί για να απαλλαγεί ο έλληνας φορολογούμενος ότι οι επενδυτές θα εκσυγχρονίσουν τις απαρχαιωμένες εγκαταστάσεις  Να τη λειτουργήσουν με ασφάλεια στην εργασία και με σεβασμό στο περιβάλλον και ότι θα έρθει η ανάπτυξη με πολλές θέσεις εργασίας",privatization,,hospital privatization,,privatisation,-0.7,0.8,0.3,0.4,0.6,0.6,0.7,0.1,"[['greek', 'nationality', '2%'], ['larco', 'organization', '100%'], ['greek taxpayer', 'organization', '15%'], ['governments', 'organization', '10%'], ['greek railways', 'organization', '20%']]","[['greek', 'location', '1.0'], ['larco', 'organization', '1.0'], ['greek taxpayer', 'group of people', '0.9'], ['governments', 'organization', '1.0']]"
10," What do they say now that with their policy we have reached the point of counting innocent victims young children in the mosques that now the Stationmaster is to blame?  It is a human error that there will be accountability, We will stand by the families of the victims that we will make radical changes so that there are no more will be modernized.  Do these also remind you of something. "," Τι λένε τώρα που με την πολιτική τους φτάσαμε να μετράμε αθώα θύματα νέα παιδιά στα τεμένη ότι τώρα Φταίει ο Σταθμάρχης  Είναι ανθρώπινο λάθος ότι θα αποδοθούν ευθύνες, Θα είμαστε δίπλα στις οικογένειες των θυμάτων ότι θα κάνουμε ριζικές αλλαγές για να μην υπάρξουν άλλοι θα εκσυγχρονιστούμε  Μήπως και αυτά σας θυμίζουν κάτι",accountability,,police violence,,terrorist attack,-0.5,0.65,0.5,0.2,0.5,0.6,0.1,0.1,"[['stationmaster', 'organization', '0.6'], ['mosques', 'facility', '0.9.']]","[['1. stationmaster', 'organization', '0.6'], ['2. victims', 'group of people', '0.8'], ['3. families', 'group of people', '0.7']]"
11," Surely because they say the same thing for years now about the crimes at LARCO in la Gi that the day before yesterday the chimney that was again emitting black smoke all the time, they say the same thing in all places of work.  Human error workers have developed a culture of familiarity with risk and do not observe protective measures.  Those responsible will be punished.  We will take measures to prevent it from happening again. We will support the victim's family.  This is not what we hear every day now on the TV channels 10 days after the crime, this is what we read in the newspapers.  That's not what the journalists say, that's not what the others from the other parties say. "," Σίγουρα γιατί τα ίδια λένε χρόνια τώρα και για τα εγκλήματα στη ΛΑΡΚΟ στο la Gi που προχθές η καμινάδα που ξανά έβγαζε μαύρο καπνό όλοι λημαίνοντας στον αέρα, αυτά λένε σε όλους τους τόπους δουλειάς  Ανθρώπινο λάθος οι εργαζόμενοι έχουν αναπτύξει μια κουλτούρα εξοικείωσης με τον κίνδυνο και δεν τηρούν τα μέτρα προστασίας  Θα τιμωρηθούν οι υπεύθυνοι  Θα πάρουμε μέτρα για να μην ξανασυμβεί Θα στηρίξουμε την οικογένεια του θύματος  Αυτά δεν ακούμε κάθε μέρα τώρα στα κανάλια 10 μέρες τώρα από το έγκλημα αυτά τα διαβάζουμε στις εφημερίδες  Αυτά δεν λένε οι δημοσιογράφοι, αυτά δεν λένε οι άλλοι από τα άλλα κόμματα",other,,other,,industrial accidents at larco,0.0,0.2,0.0,0.2,0.2,0.3,0.0,0.0,"[['larco', 'organization', '1.0'], ['la gi', 'location', '1.0']]","[['larco', 'organization', '0.70'], ['la gi', 'location', '0.60'], ['human error workers', 'group of people', '0.50'], ['those responsible', 'group of people', '0.50'], [""victim's family"", 'group of people', '0.40'], ['tv channels', 'organization', '0.60'], ['newspapers', 'organization', '0.60'], ['journalists', 'group of people', '0.50'], ['other parties', 'political party', '0.50'], ['10 days', 'date', '0.60']]"
12," In fact, they are now standing so close to the families of the victims that for LARCO, for example, they voted to give them up to 100. 000 €, less than what a technocrat appointed by the same people gets in just one year in a few months, that's how much they cost human life for those lost both in the railways and in LARCO.  The workers' complaints were responded to in the same way the railways responded.  That the company is being discredited that in the complaints of the workers of LARCO they were saying you remember, we all remember that you are talking about the problems, because the company will be closed down in LARCO and all the crimes that are being committed in their workplaces.  It's easy to blame the victim eventually, since they are one and can no longer speak and when they fail they move the blame one level further.  To the colleague, the stationmaster of LARCO, the head of the workplace, i.e. any job and any service. "," Μάλιστα τώρα στέκονται τόσο δίπλα στις οικογένειες των θυμάτων που για τη ΛΑΡΚΟ, για παράδειγμα, ψήφισαν να τους δώσουν μέχρι 100 000 €, λιγότερα δηλαδή και από αυτά που παίρνει ένας διορισμένος από τους ίδιους τεχνοκράτης μόνο μέσα σε ένα χρόνο σε κάποιους μήνες τόσο κοστολογούν την ανθρώπινη ζωή για αυτούς που χάθηκαν και στους σιδηροδρόμους και στη ΛΑΡΚΟ  Στις καταγγελίες των εργαζομένων απαντούσαν με τον ίδιο τρόπο στους σιδηροδρόμους απαντούσαν  Ότι δυσφημίζεται η εταιρεία ότι στις καταγγελίες των εργαζομένων της ΛΑΡΚΟ έλεγαν τα θυμάστε, τα θυμόμαστε όλοι ότι μιλάτε για τα προβλήματα, γιατί θα κλείσει η εταιρεία στη ΛΑΡΚΟ και σε όλα τα εγκλήματα που γίνονται στους χώρους δουλειάς τους  Είναι εύκολο να αποδώσουν την ευθύνη τελικά στο θύμα, αφού είναι ένας και δεν μπορεί πια να μιλήσει και όταν δεν τα καταφέρνουν με μετακινούν την ευθύνη μια βαθμίδα παραπέρα  Στο συνάδελφο στον σταθμάρχη της ΛΑΡΚΟ, στον επικεφαλής του πόστου εργασίας, δηλαδή σε οποιαδήποτε εργασία και σε οποιαδήποτε υπηρεσία",other,,workers' rights,,corporate negligence,-0.6,0.64,0.0,0.6,0.8,0.6,0.0,0.1,"[['larco', 'organization', '1.0'], ['€', 'currency', '1.0'], ['railways', 'organization', '1.0'], ['workers', 'group of people', '1.0'], ['company', 'organization', '1.0'], ['victim', 'person', '1.0'], ['colleague', 'person', '1.0'], ['stationmaster', 'person', '1.0']]","[['larco', 'organization', '1.0'], ['€', 'date', '0.7'], ['railways', 'organization', '1.0'], ['workers', 'group of people', '1.0'], ['colleague', 'person', '0.7'], ['stationmaster', 'person', '0.7']]"
13," But the voice of the dead is heard through your voice, through our voice, through the voice of all of us, and Mr.  Ε.   is steadfastly here to strengthen this voice, to carry it throughout Greece and abroad.  In the far reaches of the world, the slogan this crime will not be forgotten of all the dead will become a voice heard these days.  All of Greece applies in full and for the dead of the pit we do not forget and will not forget the 80 dead, the hundreds of others who left from occupational diseases, the crippled.  Yes, the crime in Tempe will not be forgotten.  The crimes in every place of work, the crime in the eye, in Mandra of Attica, in the earthquakes, in the pandemic, in which even Malessina paid many deaths and with so many of our fellow human beings who inherited health problems. Friends, these days a crucial question is on everyone's mind.  How does 2023 with this great development of technology and science. "," Όμως η φωνή των νεκρών ακούγεται μέσα από τη δική σας, από τη δική μας απ τη φωνή όλων μας και το κ κ  Ε   είναι αταλάντευτα εδώ για να δυναμώσει αυτή η φωνή, να τη μεταφέρει σε όλη την Ελλάδα και στο στο εξωτερικό  Στα πέρατα του κόσμου, το σύνθημα το έγκλημα αυτό δεν θα ξεχαστεί όλων των νεκρών θα γίνουμε φωνή που ακούγεται αυτές τις μέρες  Όλη την Ελλάδα ισχύει στο ακέραιο και για τους νεκρούς της λάκκου δεν ξεχνάμε και δεν θα ξεχάσουμε τους 80 νεκρούς τους εκατοντάδες υπόλοιπους που έφυγαν από επαγγελματικές ασθένειες τους σακατεμένους  Ναι, δεν θα ξεχαστεί το έγκλημα στα Τέμπη  Τα εγκλήματα σε κάθε τόπο δουλειάς, το έγκλημα στο μάτι, στη Μάνδρα Αττικής, στους σεισμούς, στην πανδημία που και η μαλεσίνα πλήρωσε πολλούς νεκρούς και με άλλους τόσους συνανθρώπους μας που κληρονόμησαν προβλήματα υγείας Φίλες και φίλοι αυτές τις μέρες ένα κρίσιμο ερώτημα τριγυρίζει στο μυαλό όλων  Πώς γίνεται το 2023 με αυτή τη μεγάλη ανάπτυξη της τεχνολογίας και της επιστήμης",other,,other,,worker safety and remembrance of workplace tragedies,0.0,0.0,0.0,0.0,0.0,0.0,0.0,0.0,"[['mr. ε.', 'person', '1.0'], ['greece', 'location', '1.0'], ['tempe', 'location', '1.0'], ['mandra', 'location', '1.0'], ['attica', 'location', '1.0'], ['malessina', 'location', '1.0']]","[['mr. ε.', 'person', '1.0'], ['greece', 'country', '1.0'], ['tempe', 'location', '1.0'], ['mandra of attica', 'location', '1.0'], ['malessina', 'location', '1.0'], ['2023', 'date', '1.0']]"
14," Not every mother can feel that her children are travelling safely. And yet in this rotten system of exploitation that has only profit as its god because everything that has to do with the protection of the life of the people, such as the safe movement of the people is a cost.  See for example first home auctions, wage garnishments, fine for any reason.  All this is done electronically and automatically.  No delays, no errors on trains put a bow tie on staff to cut tickets.  We were told that it is the safest way and the results are well known and at the same time tragically they made roads. There is the possibility of electronic payment at the tolls, but it is unaffordable for the people to pay the tolls.  Which resident in Malesina to go to the capital of the municipality of Lokron, Atalante.  It goes from the highway and not from the side roads which are dangerous.  None. "," Να μην μπορεί κάθε μάνα να νιώθει ότι τα παιδιά της ταξιδεύουν με ασφάλεια Κι όμως σε αυτό το σάπιο σύστημα της εκμετάλλευσης που έχει για θεό του μόνο το κέρδος γίνεται γιατί ό τι έχει να κάνει με την προστασία της ζωής του λαού, όπως είναι για παράδειγμα η ασφαλής μετακίνηση του αποτελεί κόστος  Δείτε για παράδειγμα πλειστηριασμοί πρώτης κατοικίας, κατασχέσεις μισθών, πρόστιμο για οποιοδήποτε λόγο  Όλα αυτά γίνονται ηλεκτρονικά αυτόματα  Χωρίς καθυστερήσεις, χωρίς λάθη στα τρένα φόρεσαν ένα παπιγιόν στο προσωπικό για να κόβει εισιτήρια  Μας είπαν ότι είναι το πιο ασφαλές μέσον και τα αποτελέσματα είναι γνωστά και ταυτόχρονα τραγικά φτιάξανε δρόμους Υπάρχει δυνατότητα ηλεκτρονικής πληρωμής στα διόδια, όμως είναι δυσβάσταχτη για τον λαό η διαδρομή αυτών  Ποιος κάτοικος στη Μαλεσίνα για να πάει στην πρωτεύουσα του Δήμου Λοκρών, στην Αταλάντη  Πηγαίνει από την εθνική και όχι από τους παράδρομους που είναι και επικίνδυνοι  Κανένας",infrastructure,,safety,,safe transportation,-0.4,0.9,0.0,0.6,0.5,0.8,0.0,0.1,"[['malesina', 'location', '1.0'], ['lokron', 'location', '1.0'], ['atalante', 'location', '1.0']]","[['malesina', 'location', '1.0'], ['lokron', 'location', '0.9'], ['atalante', 'location', '0.9']]"
15,"  They set up an electronic prescription system for family doctors, but there are no doctors in the villages.  The building of the Health Centre in Malesina here was never used.  Demolishes the health centers of Atalanta will have abandoned the hospitals in Livadia and Lamia.  It is in a miserable state, the doctors themselves say so, the nurses themselves say so, people, houses, property were burned.  Base on the fires took advantage of the pandemic quarantine and overnight literally the malesina filled with wind turbines. And all the time. ","  Φτιάξανε σύστημα ηλεκτρονικής συνταγογράφησης οικογενειακών γιατρών, όμως δεν υπάρχουν γιατροί στα χωριά  Το κτίριο του Κέντρου Υγείας στη Μαλεσίνα εδώ δεν αξιοποιήθηκε ποτέ  Γκρεμίζει τα κέντρα υγείας της αταλάντης θα έχουν εγκαταλείψει τα νοσοκομεία σε λιβαδειά και λαμία  Είναι σε άθλια κατάσταση, το λένε οι ίδιοι οι γιατροί, οι ίδιοι οι νοσηλευτές κάηκαν άνθρωποι, σπίτια, περιουσίες  Βάση στις πυρκαγιές αξιοποίησαν την καραντίνα της πανδημίας και σε μια νύχτα κυριολεκτικά η μαλεσίνα γέμισε ανεμογεννήτριες Κι όλο",health,,public health system,,healthcare,-0.6,0.83,0.0,0.5,0.2,0.4,0.0,0.1,"[['health centre', 'facility', '1.0'], ['malesina', 'location', '1.0'], ['atalanta', 'location', '1.0'], ['livadia', 'location', '1.0'], ['lamia', 'location', '1.0'], ['maleisna', 'location', '1.0] (assuming this is the same as ""malesina"" with a typo)']]","[['no doctors', 'person', '0.6'], ['health centre', 'organization', '0.6'], ['malesina', 'location', '0.9'], ['atalanta', 'location', '0.5'], ['livadia', 'location', '0.5'], ['lamia', 'location', '0.5'], ['doctors', 'person', '0.6'], ['nurses', 'group of people', '0.6'], ['people', 'group of people', '0.6'], ['pandemic quarantine', 'date', '0.5'], ['malesina', 'location', '0.8']]"
16," And yet no one can pay the electricity.  There are many people who are freezing cold who have no electricity to read to their children.  At the same time, despite the fact that electricity is paid for in gold, the unannounced power cuts caused by the PPC are becoming more and more frequent, burning the household appliances of popular households, professionals, leaving the work of the.  Self-employed professionals, dead for many peak hours. "," Και όμως κανένας δεν μπορεί να πληρώσει το ρεύμα  Είναι πολλοί αυτοί που ξεπάγιασαν που δεν έχουν ρεύμα να διαβάσουν τα παιδιά τους  Παράλληλα, παρά το γεγονός ότι το ρεύμα πληρώνεται χρυσό, οι απροειδοποίητες διακοπές ηλεκτροδότησης με ευθύνη της ΔΕΗ πυκνώνουν, πυκνώνουν καίγοντας τις οικιακές συσκευές των λαϊκών νοικοκυριών, των επαγγελματιών, αφήνοντας τις εργασίες των  Αυτοαπασχολούμενων επαγγελματιών, νεκρές για πολλές ώρες αιχμής",energy,,electricity,,electricity,-0.8,0.85,0.0,0.45,0.2,0.7,0.5,0.1,"[['ppc', 'organization', '0.9'], ['gold', 'currency', '0.5']]","[['ppc', 'organization', '1.0'], ['popular households', 'group of people', '0.8'], ['professionals', 'group of people', '0.8'], ['self-employed professionals', 'group of people', '0.8']]"
17," In fact, now they want to put wind turbines in the yards of the houses, as they want it together.  They want to put floating photovoltaic panels there is no end to their plans for their profits over the heads of residents on the last remaining beaches for all the people to swim.   We call on your youth to rally, to be vigilant and to fight together to prevent this crime from happening.  These crimes we must not let them get away with.  We will put the issue in Parliament, we will organize the struggle. "," Μάλιστα τώρα θέλουν να βάλουν ανεμογεννήτριες και μέσα στις αυλές των σπιτιών, όπως το μαζί θέλουν  Θέλουν να βάλουν πλωτά φωτοβολταϊκά δεν έχουν τέλος τα σχέδια για τα κέρδη τους πάνω από τα κεφάλια των κατοίκων στις τελευταίες παραλίες που έχουν απομείνει για να μπορεί να κάνουν μπάνιο όλος ο λαός   Η νεολαία σας καλούμε σε συσπείρωση, σε επαγρύπνηση όλοι μαζί να παλέψουμε για να μη συμβεί και αυτό το έγκλημα  Αυτά τα εγκλήματα να μην τους αφήσουμε να τα περάσουν  Θα βάλουμε το θέμα στη Βουλή, θα οργανώσουμε τον αγώνα",environment,,wind energy,,environmental activism,-0.7,0.89,0.2,0.4,0.7,0.6,0.8,0.2,"[['parliament', 'organization', '1.0']]","[['parliament', 'organization', 'location', 'country', 'date are not named entities.'], ['residents', 'group of people', '0.8'], ['beaches', 'location', '0.7'], ['youth', 'group of people', '0.6']]"
18,"Friends, we all know, all of us here and those who listen to us from the outside, that we are in a truly blessed region.  The waters of the larynx go to the sea.  And yet the olive grove of Malessina, Larymna, Martinos is damaged by anhydria, because business interests have nothing to gain, he says, from irrigation projects for the.  Small-scale producers, the Euboean sea can offer quality and quantity of fish and yet the trawlers sweep everything away.  Fish farms have workers on very low wages, they are squeezing them dry.  At the same time, those who lived with their boats and supplied the people's households with cheap and good fish have been wiped out.  We know and you know that Fthiotida. ","Φίλες και φίλοι, ξέρουμε όλοι και όλες εδώ μέσα και όσοι μας ακούν απ έξω πως είμαστε σε μια περιοχή πραγματικά ευλογημένη  Τα νερά της λάρυμνας πηγαίνουν στη θάλασσα  Κι όμως ο ελαιώνας της μαλεσίνας, της Λάρυμνας, του Μαρτίνου παθαίνει ζημιές από την ανυδρία, γιατί τα επιχειρηματικά συμφέροντα δεν έχουν να κερδίσουν, λέει από αρδευτικά έργα για τους  Μικροπαραγωγούς, η θάλασσα του ευβοϊκού μπορεί να προσφέρει ποιότητα και ποσότητα ψαριών και όμως οι τράτες σαρώνουν τα πάντα  Οι ιχθυοκαλλιέργειες έχουν τους εργαζόμενους με πολύ μικρά μεροκάματα, τους ξεζουμίζουν  Παράλληλα έχουν ξεκληριστεί αυτοί που ζούσαν με το καϊκι τους και τροφοδοτούσαν με φθηνό και καλό ψάρι τα λαϊκά νοικοκυριά  Ξέρουμε και ξέρετε πως η Φθιώτιδα",environment,,other,,regional problems,0.0,0.1,0.0,0.1,0.0,0.4,0.0,0.0,"[['malessina', 'location', '0.5', ''], ['larymna', 'location', '0.5', ''], ['martinos', 'location', '0.5', ''], ['euboean sea', 'location', '0.5', ''], ['fthiotida', 'location', '1.0']]","[['malessina', 'location', '0.80'], ['larymna', 'location', '0.80'], ['martinos', 'location', '0.80'], ['euboean sea', 'location', '0.80'], ['fthiotida', 'location', '0.80']]"
19," Covers 40% of edible olive production and produces large quantities of oil.  A large part of this is here in the municipality of Lokron and yet the cost of production for farmers is unbearable and because we are in the fertilization season.  Of the pruning of the Fora weeding in the next month, basically for those of you who farm here in the copaida, you know better than anyone what unsustainable production costs mean.  What it means to have frost in the plain of Atalanti 15. "," Καλύπτει το 40% της παραγωγής βρώσιμης ελιάς και παράγει μεγάλες ποσότητες λαδιού  Μεγάλο κομμάτι αυτού είναι εδώ στο δήμο Λοκρών και όμως το κόστος παραγωγής για τους αγρότες είναι δυσβάσταχτο και επειδή είμαστε στην εποχή της λίπανσης  Του κλαδέματος της ζιζανιοκτονίας της Φορα στον επόμενο μήνα, βασικά για όσους καλλιεργούν εδώ στην κωπαΐδα, γνωρίζετε καλύτερα από τον καθένα τι σημαίνει δυσβάσταχτο κόστος παραγωγής  Τι σημαίνει να καίει ο παγετός στον κάμπο της Αταλάντης 15",agricultural policy,,other,,olive production,-0.5,0.0,0.0,0.0,0.0,0.3,0.0,0.0,"[['lokron', 'location', '0.7'], ['fora', 'organization', '0.4'], ['atalanti', 'location', '0.5']]","[['lokron', 'location', '1.0'], ['fora', 'location', '0.6'], ['atalanti', 'location', '1.0'], ['15', 'date', '0.8']]"
20,"000 hectares of olive trees early 2022 then and to date have not been compensated.  Oil producers, while the Ministry continues to make promises again.  Again the mockery is all that, together with the rules of the free market, is driving mainly small producers away from the fields.  It's what's wiping out the peasantry. The free market rules that everyone embraces are the ones that lead to products being dumped in landfills.  To stay in the fields in the warehouses at the same time that the people have greatly reduced and degraded the nutrition of their children.  Why accuracy is unbearable. ","000 στρέμματα ελιάς αρχές του 2022 τότε και μέχρι σήμερα να μην έχουν αποζημιωθεί  Οι ελαιοπαραγωγοί, ενώ το Υπουργείο συνεχίζει πάλι τις υποσχέσεις  Πάλι την κοροϊδία είναι όλα αυτά που μαζί με τους κανόνες της ελεύθερης αγοράς, την απομακρύνει τους μικρούς κυρίως παραγωγούς από τα χωράφια  Είναι αυτό που ξεκληρίζει την αγροτιά Οι κανόνες της ελεύθερης αγοράς που όλοι ασπάζονται είναι αυτοί που οδηγούν τα προΐόντα να πετάγονται σε χωματερές  Να μένουν στα χωράφια στις αποθήκες την ίδια στιγμή που ο λαός έχει ελαττώσει κατά πολύ και έχει υποβαθμίσει τη διατροφή των παιδιών του  Γιατί η ακρίβεια είναι δυσβάσταχτη",agricultural policy,,other,,compensation for olive tree losses,-0.8,0.8,0.0,0.68,0.5,0.8,0.0,0.0,[],"[['000 hectares', 'location', '0.5'], ['ministry', 'organization', '0.5'], ['oil producers', 'organization', '0.5'], ['small producers', 'group of people', '0.5'], ['peasantry', 'group of people', '0.5'], ['free market', 'political party', '0.5']]"
21," Tie the water is paid in gold and water cuts are increasing. Why should they sell and bottled by business groups for the direction is to pay for the good.  When it comes to water, you can tie up the biological plants that you have also paid gold for and in most villages for decades now the planned projects have not started.  For years now you've been hearing from their various elected officials in the municipality will and will and will and will and all will but also where they have started and a piece has been built as it is here in Malessina.  Again it is incomplete.  Not all households can be connected.  The station has been abandoned according to the testimonies, it is a new environmental bomb.  We literally know and you know. "," Δέστε το νερό πληρώνεται χρυσό και οι διακοπές ύδρευσης όλο και αυξάνονται Γιατί πρέπει να πουλήσουν και το εμφιαλωμένο των επιχειρηματικών ομίλων για τη κατεύθυνση είναι να πληρώνουμε για το αγαθό  Που λέγεται νερό δέστε τους βιολογικούς σταθμούς που έχετε επίσης χρυσοπληρώσει και στα περισσότερα χωριά δεκαετίες τώρα δεν έχουν ξεκινήσει τα σχεδιασμένα έργα  Χρόνια τώρα ακούτε από τους διάφορους εκλεκτούς τους στο στο δήμο θα και θα και θα και όλο θα αλλά και εκεί που έχουν ξεκινήσει και έχει κατασκευαστεί ένα κομμάτι όπως είναι εδώ στη μαλεσίνα  Πάλι είναι ατελές  Δεν υπάρχει δυνατότητα σύνδεσης σε όλα τα νοικοκυριά  Έχει εγκαταλειφθεί ο σταθμός σύμφωνα με τις μαρτυρίες, αποτελεί μια νέα περιβαλλοντική βόμβα  Κυριολεκτικά ξέρουμε και ξέρετε",other,,privatization of water,,water scarcity,-0.7,0.9,0.0,0.7,0.6,0.8,0.0,0.1,"[['malessina', 'location', '1.0']]","[['malessina', 'location', '0.8']]"
22," How 60 years of LARCO's operation never developed its potential with the construction of a stainless steel plant utilizing the by-products and all the potential that LARCO has, so that thousands of workers can work in it and contribute not only to the local community but to the country as a whole.  They never exploited possibilities such as the trillions of cubic metres of hot water that have fallen into the Gulf of Evia that could warm the region in winter and give cheap energy to large greenhouse plants, for example, which would also employ thousands of workers. Here's how many drugs are produced in our country and at the same time they are missing from pharmacies here's the situation they have put the small shopkeepers in.  We see here the landscaping of the square and this square and the square's square at a considerable cost, even to put cement on top of cement.Have the professionals who have their shops around the squares been asked at all what exactly they propose, so that everyone has the same opportunity to create a space where workers can come with their children to drink their coffee, to drink their cigarettes, so that there are places where the children can come and drink their coffee, to have their cigarettes, to have a place where the children can have their coffee, to have their cigarettes, to have a place where they can drink their cigarettes, to have a place where they can have their coffee, to have their cigarettes.  They will play safely. "," Πώς 60 χρόνια λειτουργίας της ΛΑΡΚΟ που ποτέ δεν ανέπτυξαν τις δυνατότητές της με κατασκευή μονάδας ανοξείδωτου χάλυβα με αξιοποίηση των υποπροϊόντων και όλων των δυνατοτήτων που έχει η ΛΑΡΚΟ, έτσι ώστε να εργάζονται χιλιάδες εργαζόμενοι σ αυτή και να προσφέρει όχι μόνο στην τοπική κοινωνία, αλλά συνολικά σε όλη τη χώρα  Ποτέ δεν αξιοποιήθηκαν δυνατότητες όπως τα τρισεκατομμύρια κυβικά ζεστών υδάτων που έχουν πέσει στον Ευβοϊκό Κόλπο που θα μπορούσαν να ζεστάνουν την περιοχή τον χειμώνα και να δίνουν και φθηνή ενέργεια σε μεγάλες θερμοκηπιακέςγια παράδειγμα, μονάδες που θα δούλευαν επίσης χιλιάδες εργαζόμενοι Δεστε  πόσα φάρμακα παράγονται στη χώρα μας και την ίδια στιγμή λείπουν από τα φαρμακεία δέστε σε τι κατάσταση έχουν φέρει τους μικρομαγαζάτορες  Βλέπουμε εδώ Διαμόρφωση της πλατείας και αυτής και της κα του με αρκετό μεγάλο κόστος μάλιστα για να πέσει τσιμέντο πάνω στο τσιμέντο ρώτησαν καθόλου τους επαγγελματίες που έχουν τα μαγαζιά τους γύρω από τις πλατείες,το τι ακριβώς προτείνουν, έτσι ώστε να έχουν όλοι την ίδια δυνατότητα να διαμορφωθεί ένας χώρος που να έρχονται οι εργαζόμενοι με τα παιδιά τους να πίνουν τον καφέ τους, να πίνουν το τσιπουράκι τους, να υπάρχουν χώροι που τα παιδιά  Με ασφάλεια θα παίζουν",other,,other,,development and potential of larco's operations,0.0,0.25,0.2,0.2,0.5,0.5,0.0,0.0,"[['larco', 'organization', '1.0'], ['gulf of evia', 'location', '1.0'], ['evian gulf', 'location', '0.75'], ['workers', 'person', '1.0'], ['country', 'location', '1.0'], ['greenhouse plants', 'organization', '1.0'], ['drugs', 'product', '1.0'], ['pharmacies', 'organization', '1.0'], ['small shopkeepers', 'person', '1.0'], ['landscaping', 'activity', '1.0'], ['square', 'location', '1.0'], ['professionals', 'person', '1.0'], ['children', 'person', '1.0']]","[['larco', 'organization', '0.8'], ['gulf of evia', 'location', '0.7'], ['country', 'country', '0.6'], ['pharmacies', 'organization', '0.4'], ['small shopkeepers', 'group of people', '0.4'], ['landscaping', 'organization', '0.5'], ['professionals', 'group of people', '0.4']]"
23,"Obviously they don't do what they want, cut ribbons and stuff contractors. We have several dear friends in the area and they tell us all these concerns every day but we who are and I personally and others very often around here we see them and we have highlighted all these problems and in Parliament with questions and reports.  For example, what measures were taken after the flooding in Theologos, no.  What measures went there after the fire. ","Προφανώς και όχι κάνουν ότι θέλουν, κόβουν κορδέλες και μπουκώνουν εργολάβους Έχουμε αρκετούς αγαπημένους φίλους στην περιοχή και μας τα λένε όλα αυτά ανησυχούν καθημερινά αλλά και εμείς που βρισκόμαστε και εγώ προσωπικά και άλλοι πολύ συχνά πυκνά εδώ γύρω τα βλέπουμε και έχουμε αναδείξει όλα αυτά τα προβλήματα και στη Βουλή με ερωτήσεις και αναφορές  Για παράδειγμα, ποια μέτρα πήραν μετά την πλημμύρα στο Θεολόγο, κανένα  Ποια μέτρα πήγαν εκεί μετά την πυρκαγιά",other,,natural disasters,,local issues,-0.5,0.3,0.0,0.1,0.1,0.2,0.0,0.0,"[['theologos', 'location', '0.6'], ['parliament', 'organization', '0.4']]","[['parliament', 'organization', '0.75'], ['theologos', 'location', '0.90']]"
24," Also in Theologos in the rest of the region.  there are too many problems facing the people in every region.  Here in Malesina the ring road that has not been opened for decades, resulting in heavy tractor vehicles and machinery passing through the village next to the children playing and riding their bikes, as well as the fact that there is also no public transport to connect the villages of the area to the city of Malesina and Atalante, the passage of cars, tractors and machinery, children playing and riding their bikes, and the fact that there is no public transport between the villages of the area and the city of Malesina. "," Επίσης στο Θεολόγο στην υπόλοιπη περιοχή  είναι πάρα πολλά τα προβλήματα που αντιμετωπίζει ο λαός σε κάθε περιοχή  Εδώ στη μαλεσίνα ο περιφερειακός δρόμος που εδώ και δεκαετίες δεν έχει ανοίξει, με αποτέλεσμα οχήματα βαρέου τύπου τρακτέρ μηχανήματα να περνούν μέσα από το χωριό δίπλα στα παιδιά δηλαδή που παίζουν που κάνουν ποδήλατο, όπως το γεγονός ότι δεν υπάρχει επίσης συγκοινωνία για τη σύνδεση μεταξύ των χωριών της περιοχής μέσα στην πόλη της Μαλεσίνας και της Αταλάντης, η διέλευση αυτοκινήτων, τρακτέρ μηχανημάτων παιδιών που παίζουν",infrastructure,,other,,infrastructure problems,-0.7,0.0,0.0,0.0,0.0,0.0,0.0,0.0,"[['theologos', 'location', '1.0'], ['malesina', 'location', '1.0'], ['atalante', 'location', '1.0']]","[['theologos', 'location', '0.7'], ['malesina', 'location', '0.8'], ['atalante', 'location', '0.5']]"
25," All of this can only be a bomb that may explode at some point.  After all, small accidents, but also larger accidents are sometimes. Often many times daily, such as. "," Όλα αυτά δεν μπορεί παρά να αποτελούν μια βόμβα που κάποια στιγμή μπορεί να εκραγεί  Άλλωστε τα μικρά ατυχήματα, αλλά και τα μεγαλύτερα μερικές φορές είναι Συχνά πολλές φορές καθημερινά, όπως",other,,safety,,accidents,-0.4,0.8,0.0,0.6,0.3,0.5,0.0,0.0,[],[]
26," In the sports facilities that are installed, maintained by the parents' savings, the philanthropy of sports clubs of people who want their children to play sports.  In fact, they are not ashamed at all and at the beginning of the season we saw the government spokesman wishing the children a good season.  But he didn't take a walk into the locker room of the indoor gym and take a shower with cold water. "," Στις αθλητικές εγκαταστάσεις που είναι εγκατεστημένες, συντηρούνται από το υστέρημα των γονιών, το φιλότιμο των αθλητικών συλλόγων των ανθρώπων δηλαδή που θέλουν τα παιδιά τους να αθλούνται  Μάλιστα δεν ντρέπονται και καθόλου είδαμε στις αρχές της σεζόν τον κυβερνητικό εκπρόσωπο να εύχεται στα παιδιά καλή σεζόν  Δεν έκανε όμως καμιά βόλτα μέσα στα αποδυτήρια του κλειστού γυμναστηρίου και να κάνει εκεί ένα ντους με κρύο νερό",other,,other,,inadequate sports facilities,0.0,0.2,0.0,0.2,0.2,0.1,0.0,0.0,[],"[['parents', 'group of people', '0.8'], ['sports clubs', 'organization', '0.6'], ['government', 'organization', '0.8']]"
27," In fact, they have so much impudence that the differences between them about who will have the chair, about who will have the upper hand, they solve them by putting the children in front, as happened about a month ago when there was police intervention in the indoor basketball gym in Malesina. But such are they sit throughout their term of office all together in company.  And in the end they pretend to fight in the channels to show their difference and to steal the vote of the people.  And if the New Democracy government boasts that it has solved a 100-year-old issue, how will the houses of Malesina not be seen.  But let forest land tell the truth in full. "," Μάλιστα έχουν τόσο θράσος που τις μεταξύ τους διαφορές για το ποιος θα έχει την καρέκλα, για το ποιος θα έχει το πάνω χέρι, της λίζουν, τις λύνουν, βάζοντας μπροστά τα παιδιά, όπως έγινε πριν ένα μήνα περίπου που υπήρξε παρέμβαση της αστυνομίας στο κλειστό γυμναστήριο του μπάσκετ στη Μαλεσίνα Αλλά τέτοιοι είναι κάθονται σε όλη τη θητεία τους όλοι μαζί παρέα  Και στο τέλους κάνουν πως τσακώνονται στα κανάλια για να δείξουν δήθεν τη διαφορετικότητά τους και να υφαρπάξουν να κλέψουν την ψήφο του λαού  Και αν η κυβέρνηση της Νέας Δημοκρατίας καυχιέται ότι έλυσε ένα ζήτημα 100 ετών, όπως θα μη φαίνονται τα σπίτια της μαλεσίνας  Δασική έκταση ας πει όμως και ολοκληρωμένη την αλήθεια",other,,other,,political squabbles,-0.5,0.5,0.0,0.2,0.75,0.2,0.0,0.0,"[['malesina', 'location', '1.0'], ['new democracy', 'organization', '0.5']]","[['malesina', 'location', '1.0'], ['new democracy', 'political party', '1.0']]"
28," That this was a requirement of the bankers of the banks, because they want to walk away from the foreclosures of net worth properties.   At the same time, no measures were taken so that the obligation that the state has towards the residents of Malessina does not cost a fortune for the obvious, for example in view of the privatization of LARCO, which with a bill legalized everything for free for all that we live, we know the real culprits in all cases to privatize large companies and state services there has been a methodical, a conscious devaluation by all governments, a policy of abandoning overcharging and fines directed by the European Union.  In all cases, the abandonment, the devaluation, the subordination of the state to the interests of the few is highlighted each time.  In all cases, the way in which governments are linked to the interests of various business groups, that is, to the profits of the few, is highlighted, and this link is the matrix that gives rise to kickbacks and corruption.  In the railways, the provocative concession contracts concluded and signed by all these governments are an eye-opener.In LARCO, the waste of millions by all the governments, the conscious abandonment to demolish it and give it away for a plate of lentils, so that the furnaces have been extinguished and the workers do not know if and when it will be reopened.  The railways and LARCO are typical examples, as are the shipyards in our country, ELVO, roads, ports, airports, telecommunications.  The PPC and overall infrastructure given by all governments for the benefit of business groups. All these were sold. "," Ότι αυτό ήταν μια απαίτηση των τραπεζιτών των τραπεζών, γιατί θέλουν να περπατήσουν τις κατασχέσεις των καθαρών ακινήτων   Παράλληλα, κανένα μέτρο δεν πήρε έτσι ώστε η υποχρέωση που έχει το κράτος απέναντι στους κατοίκους της μαλεσίνας να μην κοστίσει μια περιουσία για τα αυτονόητα παραδείγματος και εν όψει της ιδιωτικοποίησης της ΛΑΡΚΟ που με ένα νομοσχέδιο νομιμοποίησε τα πάντα δωρεάν για όλα όσα ζούμε, γνωρίζουμε τους πραγματικούς υπεύθυνους σ όλες τις περιπτώσεις για να ιδιωτικοποιηθούν μεγάλες επιχειρήσεις και κρατικές υπηρεσίες υπήρξε μια μεθοδευμένη, μια συνειδητή απαξίωση από όλες τις κυβερνήσεις, μια πολιτική εγκατάλειψης υπερχρέωσης και προστίμων με κατεύθυνση από την Ευρωπαϊκή Ένωση  Σε όλες τις περιπτώσεις κάθε φορά αναδεικνύεται η εγκατάλειψη, η απαξίωση, η υποταγή του κράτους στα συμφέροντα των λίγων  Σε όλες τις περιπτώσεις αναδεικνύεται ο τρόπος που συνδέονται οι κυβερνήσεις με τα συμφέροντα των διαφόρων επιχειρηματικών ομίλων, δηλαδή με τα κέρδη τελικά των λίγων και αυτή η σύνδεση είναι η μήτρα που γεννά και τις μίζες και τη διαφθορά  Στο σιδηρόδρομο βγάζουν μάτι οι προκλητικές συμβάσεις παραχώρησης που σύναψαν και υπόγραψαν όλες αυτές οι κυβερνήσεις στη ΛΑΡΚΟ βγάζει μάτι η κατασπατάληση εκατομμυρίων από όλες τις κυβερνήσεις η συνειδητή εγκατάλειψη για να την γκρεμίσουν και να τη δώσουν έναντι πινακίου φακής, με αποτέλεσμα να έχουν σβήσει τα καμίνια της, να μην γνωρίζουν οι εργαζόμενοι, αν και πότε θα επαναλειτουργήσει  Ο σιδηρόδρομος και η ΛΑΡΚΟ είναι χαρακτηριστικά παραδείγματα, όπως άλλωστε είναι και τα ναυπηγεία στη χώρα μας, οι ΕΛΒΟ, οι δρόμοι, τα λιμάνια, τα αεροδρόμια, οι τηλεπικοινωνίες  Η ΔΕΗ και συνολικά οι υποδομές που δίνονται από όλες τις κυβερνήσεις για να κερδίζουν επιχειρηματικοί όμιλοι Όλα αυτά εκποιήθηκαν",privatization,,other,,privatization,-0.8,0.8,0.2,0.85,0.8,0.7,0.0,0.1,"[['malessina', 'location', '1.0'], ['larco', 'organization', '1.0'], ['european union', 'organization', '1.0'], ['railways', 'organization', '1.0'], ['elvo', 'organization', '1.0'], ['ppc', 'organization', '1.0']]","[['malessina', 'location', '0.75'], ['larco', 'organization', '0.9'], ['european union', 'organization', '0.6'], ['railways', 'organization', '0.7'], ['shipyards', 'organization', '0.6'], ['elvo', 'organization', '0.5'], ['ppc', 'organization', '0.6']]"
29," We are full of unemployed and we live the current situation, you have the government right hand, a large portion of the media that take direction and present all this as supposedly damaging. Since the workers' mobilisations and demands are either not raised, or they use the narrative.  You have the right to strike, but other workers have the right to work.  You are state-sponsored trade unionists and other such things that we hear every day. "," Γεμίσαμε ανέργους και κάτεργα ζούμε τη σημερινή κατάσταση, έχουν εσυ κυβέρνησης δεξί χέρι, μεγάλη μερίδα μέσων ενημέρωσης που παίρνουν κατεύθυνση και τα παρουσιάζουν όλα αυτά ως δήθεν ζημιογόνα Από τις κινητοποιήσεις των εργαζομένων και τα αιτήματα είτε δεν τις προβάλλουν, είτε χρησιμοποιούν το αφήγημα  Έχετε δικαίωμα στην απεργία, αλλά και οι υπόλοιποι εργαζόμενοι έχουν δικαίωμα στην εργασία  Είστε κρατικοδίαιτοι συνδικαλιστές και άλλα τέτοια που τα ακούμε καθημερινά",employment,,workers' rights,,unemployment,-0.6,0.8,0.0,0.75,0.2,0.8,0.2,0.2,"[['government', 'organization', '0.9'], ['media', 'organization', '0.7'], ['workers', 'group', '0.8'], ['trade unionists', 'group', '0.5']]","[['government', 'organization', '0.8'], ['media', 'organization', '0.7'], ['workers', 'group of people', '0.9'], ['state-sponsored trade unionists', 'group of people', '0.6']]"
30," That is, they do everything they can to turn one section of workers against the other.  You have all heard and their parrots, that the workers of LARCO.  They sit and get paid and they all.  You know it's not like that. "," Κάνουν δηλαδή ό τι μπορούν για να στρέψουν μια μερίδα εργαζομένων απέναντι στην άλλη  Όλοι έχετε ακούσει και τα παπαγαλάκια τους, ότι οι εργαζόμενοι στη ΛΑΡΚΟ  Κάθονται και πληρώνονται και όλοι  Ξέρετε ότι δεν είναι έτσι",other,,workers' rights,,worker division,-0.5,0.9,0.0,0.8,0.8,0.9,0.0,0.4,"[['larco', 'org', '0.9']]","[['larco', 'organization', '0.6'], ['workers', 'group of people', '0.9']]"
31," You know that the workers of LARCO have been fighting a great and heroic struggle for 4 years now.  It is a struggle that is a beacon for the entire working class at home and abroad, to get the furnaces smoking again.  The struggle of LARCO workers is your living experience here in the region.  4 years, a frontal conflict. "," Ξέρετε ότι οι εργαζόμενοι στη ΛΑΡΚΟ εδώ και 4 χρόνια δίνουν ένα μεγάλο έναν ηρωικό αγώνα  Πρόκειται για έναν αγώνα που αποτελεί φάρο για όλη την εργατική τάξη στο εσωτερικό της χώρας μας, αλλά και στο εξωτερικό, για να ξανά καπνίσουν τα καμίνια  Ο αγώνας των εργαζομένων της ΛΑΡΚΟ είναι η ζωντανή πείρα σας εδώ στην περιοχή  4 χρόνια, μια μετωπική σύγκρουση",employment,,workers' rights,,labor struggle,0.6,0.5,0.1,0.1,0.2,0.6,0.4,0.0,"[['larco', 'organization', '1.0']]","[['larco', 'organization', '1'], ['working class', 'group of people', '0.7'], ['region', 'location', '0.5'], ['abroad', 'location', '0.5'], ['furnaces', 'location', '0.2'], ['4 years', 'date', '1']]"
32," On the one hand the workers, with the solidarity of other workers from all over Greece and abroad, and on the other hand the government of the New Democracy, the other parties that ruled the parties that support business interests, such as the New Democracy, SYRIZA and Bazon, their investors, the mechanisms that have in various municipalities and regions the decisions of the Commission of the European Union and all the laws that they have passed in Parliament over time.  And yet the workers of LARCO have broken every record of endurance or are close to victory.  The government, under the pressure of the political cost of this struggle, has been forced to commit to renewing the contracts until the end of the year.  Despite the predictions and the government's words that said that in 6 months they would be out of the woods for not having to give them even 1 € for compensation, even though they had voted for it, the workers managed to get the laws.  This not to be implemented, change.  She is still standing inside LARCO and they are struggling to relight her fuse. "," Από τη μία πλευρά οι εργαζόμενοι, με την αλληλεγγύη άλλων εργαζομένων από όλη την Ελλάδα και από το εξωτερικό, και από την άλλη η κυβέρνηση της Νέας Δημοκρατίας, τα άλλα κόμματα που κυβέρνησαν τα κόμματα που στηρίζουν επιχειρηματικά συμφέροντα, όπως είναι η νέα Δημοκρατία, ΣΥΡΙΖΑ και μπάζων, οι επενδυτές τους, οι μηχανισμοί που έχουν σε διάφορους δήμους και περιφέρειες οι αποφάσεις της Κομισιόν της Ευρωπαϊκής Ένωσης και όλοι οι νόμοι που αυτοί έχουν ψηφίσει στη Βουλή διαχρονικά  Και όμως οι εργαζόμενοι της ΛΑΡΚΟ έχουν σπάσει κάθε ρεκόρ αντοχής ή είναι κοντά στη νίκη  Η κυβέρνηση κάτω από την πίεση του πολιτικού κόστους που έχει δημιουργήσει αυτός ο αγώνας, αναγκάστηκε να δεσμευτεί στην ανανέωση των συμβάσεων μέχρι τέλος του χρόνου  Παρά τις προβλέψεις και τα λεγόμενα της κυβέρνησης που έλεγε ότι σε 6 μήνες θα έχει ξεμπερδέψει που δεν είχε να τους δώσει ούτε 1 € για αποζημίωση, αν και τα είχε ψηφίσει οι εργαζόμενοι κατάφεραν οι νόμοι  Αυτή να μην εφαρμοστούν, να αλλάξουν  Είναι ακόμα ορθή μέσα στη ΛΑΡΚΟ και παλεύουν να ανάψουν ξανά την τσιμινιέρα της",employment,,workers' rights,,larco workers' struggle,0.0,0.2,0.3,0.2,0.0,0.1,0.2,0.0,"[['workers', 'organization', '1.0'], ['greece', 'location', '1.0'], ['new democracy', 'political party', '0.75'], ['syriza', 'political party', '0.5'], ['bazon', 'political party', '0.25'], ['investors', 'organization', '0.5'], ['commission of the european union', 'organization', '1.0'], ['parliament', 'organization', '1.0'], ['larco', 'organization', '1.0']]","[['greece', 'country', '1.0'], ['new democracy', 'political party', '0.8'], ['syriza', 'political party', '0.8'], ['bazon', 'organization', '0.2'], ['commission of the european union', 'organization', '0.8'], ['parliament', 'organization', '0.8'], ['larco', 'organization', '1.0']]"
33," Mr. E or has been and will be by their side, but right now it requires the whole region to show determination that the plans that others have will not go through and determination means that we will not allow him to lose his job either.  One worker, we will not allow a single house to be auctioned.  We will not allow the blackout to happen to any popular household.  We will demand that measures be taken, that infrastructure be created to serve security, everyday life, the needs of the people.  We can with our struggles, but also with our political choices.  We can. "," Το κ κ Ε  ή ήταν είναι και θα είναι δίπλα τους, αλλά αυτή τη στιγμή απαιτείται όλη η περιοχή να δείξει αποφασιστικότητα ότι τα σχέδια που έχουν οι άλλοι δεν θα περάσουν και η αποφασιστικότητα σημαίνει ότι δεν θα επιτρέψουμε να χάσει τη δουλειά του ούτε  Ένας εργαζόμενος, δεν θα επιτρέψουμε να γίνει πλειστηριασμός ούτε σε ένα σπίτι  Δεν θα επιτρέψουμε να γίνει η διακοπή ρεύματος σε κανένα λαϊκό νοικοκυριό  Θα απαιτήσουμε να παρθούν μέτρα, να δημιουργηθούν υποδομές που να εξυπηρετούν την ασφάλεια, την καθημερινότητα, τις λαϊκές ανάγκες  Μπορούμε με τους αγώνες μας, αλλά και με τις πολιτικές μας επιλογές  Μπορούμε",employment,,workers' rights,,worker's rights,0.7,0.15,0.0,0.0,0.0,0.4,0.1,0.0,"[['mr. e', 'person', '1.0']]","[['mr. e', 'person', '0.8'], ['the whole region', 'group of people', '0.7'], ['one worker', 'person', '0.5']]"
34, Reinforcing everywhere the Mr. Mr.  E and in the elections to redden the ballot boxes to get Mr. Mr.  E deputy here in Fthiotida.  Do you know how many of Mr.  Κ. , Ενισχύοντας παντού το κ κ  Ε και στις εκλογές για να κοκκινίσουν οι κάλπες για να αποκτήσει το κ κ  Ε βουλευτή και εδώ στη Φθιώτιδα  Ξέρετε πόσοι βουλευτές του κ  Κ,other,,other,,politics/elections,-0.5,1.0,1.0,0.9,0.9,0.9,0.0,0.8,"[['fthiotida', 'location', '1.0'], ['mr. ε', 'person', '1.0'], ['mr. κ.', 'person', '1.0']]","[['fthiotida', 'location', '1.0'], ['mr. e', 'person', '1.0'], ['mr. k', 'person', '1.0']]"
35," They do everything they can to be in the workplaces in the towns and villages every day, they do everything they can to highlight the problems, demand solutions and step forward to implement them.  Because the people also need associations like LARCO, associations that will highlight culture, the sporting spirit, customs, popular entertainment, they need municipal councillors, mayors, regional governors, elected by the ballots of the People's Coalition who have a position with documented proposals for every village, every municipality in the region, in all the problems. It doesn't need MPs who vote to red the houses, the banks and if they buy the red loans and their crows.  It needs MPs to stand in front of every bailiff to cancel auctions to block the crows of banks and other business groups.  The people do not need MPs and ministers whose bills condemn the young, the workers, the pensioners, but they need those who reveal to the people the unpopular content of the laws and organise the struggle for their final abolition.  It does not need MPs and ministers who raised their hands and voted to close LARCO to cut the wages and rights of workers and thus condemned an entire region.  It needs Members of Parliament.  Where will they sleep day and night at LARCO, carrying the problems, the demands to the Parliament and organizing the front against the business interests that want to exploit this whole area and the workers to be unemployed or on starvation wages We also hear those who say. "," Ε κάνουν ότι μπορούν για να βρίσκονται καθημερινά μέσα στους χώρους δουλειάς στις πόλεις και τα χωριά κάνουν ότι μπορούν για να αναδεικνύουν τα προβλήματα, να διεκδικούν λύσεις και μπαίνουν μπροστά για να υλοποιηθούν αυτές  Γιατί ο λαός έχει ανάγκη και από σωματεία όπως της ΛΑΡΚΟ από συλλόγους που θα αναδεικνύουν τον πολιτισμό, το αθλητικό πνεύμα, τα έθιμα, τη λαϊκή διασκέδαση, έχει ανάγκη από δημοτικούς συμβούλους, δημάρχους, περιφερειάρχες, εκλεγμένους από τα ψηφοδέλτια της Λαϊκής Συσπείρωσης που έχουν θέση με τεκμηριωμένες προτάσεις για κάθε χωριό κάθε δήμο στην περιφέρεια, στο σύνολο των προβλημάτων Δεν έχει ανάγκη από βουλευτές που ψηφίζουν για να κοκκινίζουν τα σπίτια, τις τράπεζες και αν αγοράζουν αυτές τα κόκκινα δάνεια και τα κοράκια τους  Έχει ανάγκη από βουλευτές που θα μπαίνουν μπροστά σε κάθε δικαστικό κλητήρα για να ακυρώνουν πλειστηριασμούς για να μπλοκάρουν τα κοράκια των τραπεζών και των άλλων επιχειρηματικών ομίλων  Ο λαός δεν έχει ανάγκη από βουλευτές και υπουργούς που με τα νομοσχέδια καταδικάζουν τους νέους, τους εργαζόμενους, τους συνταξιούχους όλους, αλλά έχει ανάγκη αυτούς που αποκαλύπτουν στο λαό το αντιλαϊκό περιεχόμενο των νόμων και οργανώνουν τον αγώνα για την τελική κατάργησή τους  Δεν έχει ανάγκη από βουλευτές και υπουργούς που σήκωσαν το χέρι και ψήφισαν να κλείσει η ΛΑΡΚΟ να κοπούν οι μισθοί και τα δικαιώματα των εργαζομένων και καταδίκασαν έτσι μια ολόκληρη περιοχή  Έχει ανάγκη από βουλευτές  Πού θα κοιμούνται μέρα νύχτα στη ΛΑΡΚΟ μεταφέροντας τα προβλήματα, τα αιτήματα στη Βουλή αλλά και οργανώνοντας το μέτωπο απέναντι στα επιχειρηματικά συμφέροντα που θέλουν να αλωνίζουν όλη αυτή εδώ την περιοχή και οι εργαζόμενοι να είναι άνεργοι ή να είναι με μισθούς πείνας Ακούμε και αυτούς που λένε",employment,,bank bailouts,,politics/elections,0.0,0.35,0.2,0.2,0.0,0.4,0.2,0.0,"[['larco', 'organization', '2.0'], [""people's coalition"", 'organization', '1.0'], ['mps', 'title', '1.0'], ['bailiff', 'profession', '1.0'], ['parliament', 'organization', '1.0']]","[['larco', 'organization', '1.0'], [""people's coalition"", 'group of people', '1.0'], ['municipal councillors', 'group of people', '1.0'], ['mayors', 'group of people', '1.0'], ['regional governors', 'group of people', '1.0'], ['mps', 'group of people', '1.0'], ['bailiff', 'person', '1.0'], ['pensioners', 'group of people', '1.0'], ['parliament', 'organization', '1.0'], ['larco', 'organization', '1.0'], ['members of parliament', 'group of people', '1.0']]"
36, That we are facing the worst government of this new democracy.  That's because every government is worse than the previous one.  So it was all the worst minia. , Πως έχουμε απέναντί μας τη χειρότερη κυβέρνηση αυτή της νέας δημοκρατίας  Έτσι είναι γιατί κάθε κυβέρνηση είναι χειρότερη από την προηγούμενη  Έτσι ήταν όλες η μίνια χειρότερη,criticism,,other,,government,-0.5,0.625,0.0,0.3,0.2,0.8,0.0,0.0,"[['democracy', 'organization', '0.77'], ['government', 'organization', '0.94']]",[]
37," But on the other hand, we have had the worst opposition in recent years and the worst opposition of SYRIZA and behind it that of PASOK, it is not enough that in any race.  Not only have they not stepped forward, but they have been singing back to the people, telling them that when they come out again at some point this government will solve the problems as if we haven't seen their hairstyles as if they didn't rule or co-govern conditions as if they didn't vote for memoranda that they implemented all together and each one individually, but that's not enough, but completely shamelessly SYRIZA has voted.  And 50% of the laws that the government has passed in the Parliament during this four-year period, while PASOK has passed 70% of these laws.  In fact, all these laws are the laws that flatten rights, flatten the life of the Greek people.  LARCO is the best example for conclusions.  The Communist Party of Greece submitted 3 proposals for laws for the reopening of LARCO to secure all jobs in none of them, but in none of them SYRIZA and PASOK avoided to meet the unions, because we know that there is experience and that they will be cornered.  They did exactly the same thing for bills but tabled by Mr.  Ε.   for accuracy, for the reduction of VAT on fuel and food, for the reduction of the price of electricity for popular households, for the restoration of collective labour agreements, for the restoration of holiday bonuses, for the holiday allowance to all workers and pensioners. "," Από την άλλη είχαμε όμως αυτά τα χρόνια και τη χειρότερη αξιωματική αντιπολίτευση τα τελευταία χρόνια αυτού του ΣΥΡΙΖΑ και από πίσω της αυτή του ΠΑΣΟΚ δεν φτάνει που σε οποιοδήποτε αγώνα  Όχι μόνο δεν μπήκαν μπροστά, αλλά τραγουδούσαν και πίσω τον κόσμο, λέγοντάς του ότι ότι όταν θα βγουν κάποια στιγμή πάλι αυτή η κυβέρνηση θα λύσουν τα προβλήματα λες και δεν έχουμε δει τα χαϊρια τους λες και δεν κυβέρνησαν ή δεν συγκυβέρνησαν όροι αυτοί λες και δεν ψήφισαν μνημόνια που τα εφάρμοσαν όλοι μαζί και ο καθένας ξεχωριστά δεν φτάνει αυτό, αλλά εντελώς ξεδιάντροπα ο ΣΥΡΙΖΑ έχει ψηφίσει  Και το 50% των νόμων που εχει κατεβάσει η κυβέρνηση μέσα στη Βουλή αυτή την τετραετία, ενώ το ΠΑΣΟΚ έχει ψηφίσει το 70% αυτών των νόμων  Μάλιστα όλοι αυτοί οι νόμοι είναι οι νόμοι που ισοπεδώνουν δικαιώματα, ισοπεδώνουν τη ζωή του ελληνικού λαού  Η ΛΑΡΚΟ είναι το καλύτερο παράδειγμα για συμπεράσματα  3 προτάσεις νόμων κατέθεσε το Κομμουνιστικό, Ελλάδας για την επαναλειτουργία της ΛΑΡΚΟ για τη διασφάλιση όλων των θέσεων εργασίας σε καμιά μα σε καμιά δεν τοποθετήθηκε ο ΣΥΡΙΖΑ και το ΠΑΣΟΚ αποφεύγουν να συναντήσουν τα σωματεία, γιατί γνωρίζουμε ότι υπάρχει πείρα και ότι θα τους στριμώξουν  Tα ίδια ακριβώς έκαναν και για νομοσχέδια αλλά που κατέθεσε το κ κ  Ε   για την ακρίβεια, Για τη μείωση του ΦΠΑ στα καύσιμα και στα τρόφιμα για τη μείωση της τιμής στο ηλεκτρικό ρεύμα για τα λαϊκά νοικοκυριά, για την επαναφορά των συλλογικών συμβάσεων εργασίας των δώρων εορτών, το επίδομα αδείας σε όλους τους εργαζόμενους και στους συνταξιούχους",political parties,,other,,political opposition,-0.8,0.7,0.3,0.2,0.3,0.5,0.5,0.0,"[['syriza', 'org', '0.8'], ['pasok', 'org', '0.8'], ['greek', 'norp', '0.6'], ['larco', 'org', '0.6'], ['communist party of greece', 'org', '0.8'], ['mr. ε.', 'person', '0.6'], ['vat', 'org', '0.6']]","[['syriza', 'organization', '0.8'], ['pasok', 'political party', '0.8'], ['greek', 'nationality', '0.8'], ['communist party of greece', 'organization', '0.8'], ['larco', 'organization', '0.8'], ['parliament', 'organization', '0.6'], ['mr. ε.', 'person', '0.6']]"
38," If all this is not evidence of who is with the workers, who is with the opponents, then what is it?  Friends and friends we know each other very well and we have a heart-to-heart relationship with each other even if we don't agree on everything.  We are proud to know this region so well and we are honoured that you see us as females, even those of you who have not voted for us so far.  Thought.  But consider that today you have many more reasons.  More than any other time, trust us to work alongside you, to reach out to Mr.  Well to culti because you know from your own Pyrrha that Mr. Mr. "," Αν όλα αυτά δεν είναι αποδείξεις για το ποιος είναι με τους εργάτες, ποιος ειναι με τους απεναντι τοτε Τι ειναι  Φίλες και φίλοι γνωριζόμαστε πάρα πολύ καλά και έχουμε σχέσεις από καρδιάς μεταξύ μας και ας μη συμφωνούμε σε όλα  Είμαστε περήφανοι που γνωρίζουμε αυτή την περιοχή τόσο καλά και νιώθουμε τιμή που μας βλέπετε θηλυκά, ακόμα και αυτοί που δεν μας έχετε ψηφίσει μέχρι σήμερα  Σκέψη  Σκεφτείτε όμως πως σήμερα έχετε πολύ περισσότερους λόγους  Από κάθε άλλη φορά να μας εμπιστευτείτε να συμπορευτείτε δίπλα μας, να φτάσετε με το ψηφοδέλτιο του κ κ  Ε στην culti γιατί ξέρετε από την ίδια σας την Πύρρα πως το κ κ",other,,other,,workers and opponents,0.0,0.0,0.0,0.1,0.0,0.1,0.0,0.0,[],"[['workers', 'group of people', '1.0'], ['opponents', 'group of people', '1.0'], ['friends', 'group of people', '1.0'], ['females', 'group of people', '1.0'], ['pyrrha', 'person', '1.0'], ['mr. well', 'person', '0.5'], ['mr. mr.', 'person', '0.5']]"
39," Ε.  shows no tolerance to the unpopular policy.  Whatever cloak or costume Mr. E wears, he will be here in front of the struggle to prevent. ", Ε  δεν δείχνει καμιά ανοχή στην αντιλαϊκή πολιτική  Όποιο μανδύα οποία φορεσιά και αν αυτή φοράει το κ κ Ε  θα είναι εδώ μπροστά στον αγώνα για να εμποδίσουμε,political parties,,protest,,political opposition,-0.5,1.0,0.0,0.6,0.6,0.8,0.0,0.0,"[['e', 'person', '0.9'], ['mr. e', 'person', '0.7']]","[['mr. e', 'person', '0.9']]"
40," Unpopular measures to gain breaths of relief, to have conquests and only the Communist, Greece.  Because the Kuquete is the only one who says that today there is a solution for the benefit of the working people, but in conflict with this rotten system and its governments to open the way for a genuine people's government and power.  Only Mr. Mr. "," Αντιλαϊκά μέτρα για να κερδίσουμε ανάσες ανακούφισης, να έχουμε κατακτήσεις και αυτό μπορεί να το κάνει μόνο το Κομμουνιστικό, Ελλάδας  Γιατί το κουκουέ είναι το μόνο που λέει ότι σήμερα υπάρχει λύση προς όφελος του εργαζόμενου λαού, αλλά σε σύγκρουση με αυτό το σάπιο σύστημα με τις κυβερνήσεις του για να ανοίξει ο δρόμος για μια γνήσια λαϊκή διακυβέρνηση και εξουσία  Μόνο το κ κ",political parties,,other,,communism,-0.6,0.9,0.5,0.7,0.8,0.9,0.8,0.3,"[['communist', 'org', '0.7'], ['greece', 'gpe', '0.9'], ['kuquete', 'person', '0.7'], ['mr.', 'person', '1.0']]",[]
41," E has such a scientifically elaborated program that proves that our people everywhere and here in Malesina, in Fthiotida, in the whole of Greece, can enjoy modern rights, to live in prosperity in their place and they and their children and this is what we all must do to set a goal, to live better and we and our children.  We can Only the PLAOS will save the people on the road to the subversion of radical change, but with a much more powerful kukuet with a deputy of Mr.  E in the prefecture of Fthiotida.  In this election talk to everyone and EVERYONE you know, your acquaintances, your relatives, your friends, your friends' friends, your neighbours, anyone you know, your neighbours to give with determination.  Their vote for Mr.  Ε.  Y thank you good strength and health to all.  "," Ε  έχει τέτοιο επιστημονικά επεξεργασμένο πρόγραμμα πρόγραμμα που αποδεικνύει πως ο λαός μας παντού και εδώ στη Μαλεσίνα, στη Φθιώτιδα, σε ολόκληρη την Ελλάδα, μπορεί να απολαμβάνει σύγχρονα δικαιώματα, να ζει με ευημερία στον τόπο του και αυτός και τα παιδιά του και αυτό πρέπει να κάνουμε όλες και όλοι να βάλουμε στόχο, να ζήσουμε καλύτερα και εμείς και τα παιδιά μας  Μπορουμε Μονο ο ΛΑΟΣ θα σωσει το λαο στο δρομο της Ανατροπης της ριζικής αλλαγής με το κουκουέ όμως πολύ πιο δυνατό με βουλευτή του κ κ  Ε στο νομό Φθιώτιδας  Σ αυτές τις εκλογές μιληστε ολοι και ΟΛΕΣ με τους γνωστούς σας τους συγγενείς σας, τους φίλους του, του φίλους σας, τους γείτονες όποιον γνωρίζετε τους συγχωριανούς σας να δώσουν με αποφασιστικότητα  Την ψήφο τους στο κ κ  Ε  Υ σας ευχαριστώ καλή δύναμη και υγεία σε όλους",elections,,other,,election campaign,0.8,0.15,0.0,0.1,0.0,0.5,0.0,0.0,"[['malesina', 'location', '0.6'], ['fthiotida', 'location', '0.9'], ['greece', 'location', '0.8'], ['plaos', 'organization', '0.9'], ['mr. e', 'person', '1.0']]","[['malesina', 'location', '1.0'], ['fthiotida', 'location', '1.0'], ['greece', 'country', '1.0'], ['plaos', 'organization', '1.0'], ['fthiotida', 'location', '1.0'], ['mr. e', 'person', '1.0'], ['everyone', 'group of people', '1.0'], ['mr. ε', 'person', '1.0']]"
